condition,problem_id,profile,difficulty,early_termination,protocol_failure,scorable,composite,QQ,SD,SLR,EDT,DC,MC_Verified,_row_hash,is_exact_duplicate,is_key_duplicate,n_unique_contents,n_dialogue_rows,analysis_unit,pairing_key,replicate_id,include_primary,dedupe_note,composite_locked,dialogue_id,run_id
C1_PE_Llama,dc1b264fc4aefafb,struggling,Medium,False,False,True,0.60375,0.75,0.65,1.0,0.0,0.7375,0.0,7ac764e191805b9dd2c28cf4eda4a5a2,False,False,1,5,dialogue_cell,dc1b264fc4aefafb::struggling,1,True,"first scored row per (problem_id, profile); exact/resume duplicates dropped",0.60375,C1_PE_Llama::dc1b264fc4aefafb::struggling::r1,C1_PE_Llama::dc1b264fc4aefafb::struggling::r1
C1_PE_Llama,b41cc7b74e66b597,progressing,Medium,False,False,True,0.55875,0.525,0.65,1.0,0.0,0.7375,0.0,3c48945782c42f035334da6e40e44e85,False,False,1,3,dialogue_cell,b41cc7b74e66b597::progressing,1,True,"first scored row per (problem_id, profile); exact/resume duplicates dropped",0.5587500000000001,C1_PE_Llama::b41cc7b74e66b597::progressing::r1,C1_PE_Llama::b41cc7b74e66b597::progressing::r1
C1_PE_Llama,a02a9dd44a028b48,progressing,Medium,False,False,True,0.6537499999999999,0.675,0.6,1.0,0.5,0.7375,0.0,5c251fda87b771de418685341c3cfd21,False,False,1,4,dialogue_cell,a02a9dd44a028b48::progressing,1,True,"first scored row per (problem_id, profile); exact/resume duplicates dropped",0.65375,C1_PE_Llama::a02a9dd44a028b48::progressing::r1,C1_PE_Llama::a02a9dd44a028b48::progressing::r1
C1_PE_Llama,b138e6f30af2eba3,progressing,Medium,False,False,True,0.60375,0.75,0.65,1.0,0.0,0.7375,0.0,4d7c68fa0fc351554eb1e009cbc4209f,False,False,1,3,dialogue_cell,b138e6f30af2eba3::progressing,1,True,"first scored row per (problem_id, profile); exact/resume duplicates dropped",0.60375,C1_PE_Llama::b138e6f30af2eba3::progressing::r1,C1_PE_Llama::b138e6f30af2eba3::progressing::r1
C1_PE_Llama,2b2d708cc4d104fb,advanced,Medium,False,False,True,0.6675,0.75,0.6,1.0,0.5,0.725,0.0,1c37216c7701ee63e095f856876b1927,False,False,1,4,dialogue_cell,2b2d708cc4d104fb::advanced,1,True,"first scored row per (problem_id, profile); exact/resume duplicates dropped",0.6675,C1_PE_Llama::2b2d708cc4d104fb::advanced::r1,C1_PE_Llama::2b2d708cc4d104fb::advanced::r1
C1_PE_Llama,fecc3d4d9ba43ef7,advanced,Medium,False,False,True,0.5729166666666666,0.75,0.5,1.0,0.0,0.7292,0.0,6b690f1fd3f421e7ffd8deb3878e202c,False,False,1,3,dialogue_cell,fecc3d4d9ba43ef7::advanced,1,True,"first scored row per (problem_id, profile); exact/resume duplicates dropped",0.57292,C1_PE_Llama::fecc3d4d9ba43ef7::advanced::r1,C1_PE_Llama::fecc3d4d9ba43ef7::advanced::r1
C1_PE_Llama,3af5503ad498c930,struggling,Medium,False,False,True,0.65875,0.75,0.55,1.0,0.5,0.7375,0.0,ee29d38674d1254f0795c9cd9dd7a208,False,False,1,3,dialogue_cell,3af5503ad498c930::struggling,1,True,"first scored row per (problem_id, profile); exact/resume duplicates dropped",0.6587500000000001,C1_PE_Llama::3af5503ad498c930::struggling::r1,C1_PE_Llama::3af5503ad498c930::struggling::r1
C1_PE_Llama,786a70bb2d54eaae,progressing,Medium,False,False,True,0.57875,0.525,0.5,0.9,0.5,0.7375,0.0,546ba39f075690001e1e7636844b25cb,False,False,1,5,dialogue_cell,786a70bb2d54eaae::progressing,1,True,"first scored row per (problem_id, profile); exact/resume duplicates dropped",0.57875,C1_PE_Llama::786a70bb2d54eaae::progressing::r1,C1_PE_Llama::786a70bb2d54eaae::progressing::r1
C1_PE_Llama,50ee037194ec0443,struggling,Medium,False,False,True,0.57375,0.75,0.5,1.0,0.0,0.7375,0.0,4bee852481b8abeded527bf209192516,False,False,1,1,dialogue_cell,50ee037194ec0443::struggling,1,True,"first scored row per (problem_id, profile); exact/resume duplicates dropped",0.57375,C1_PE_Llama::50ee037194ec0443::struggling::r1,C1_PE_Llama::50ee037194ec0443::struggling::r1
C1_PE_Llama,c46455f66de332c0,progressing,Medium,False,False,True,0.646875,0.75,0.5,1.0,0.5,0.7188,0.0,997b843f5197eaa18a8b37d72f615fe7,False,False,1,6,dialogue_cell,c46455f66de332c0::progressing,1,True,"first scored row per (problem_id, profile); exact/resume duplicates dropped",0.64688,C1_PE_Llama::c46455f66de332c0::progressing::r1,C1_PE_Llama::c46455f66de332c0::progressing::r1
C1_PE_Llama,64d97652f760858a,struggling,Medium,False,False,True,0.63125,0.75,0.6,1.0,0.25,0.7375,0.0,9ecbb37584f2ef3cf17611f0c21e4d02,False,False,1,2,dialogue_cell,64d97652f760858a::struggling,1,True,"first scored row per (problem_id, profile); exact/resume duplicates dropped",0.63125,C1_PE_Llama::64d97652f760858a::struggling::r1,C1_PE_Llama::64d97652f760858a::struggling::r1
C1_PE_Llama,b6ce335d875f871b,struggling,Medium,False,False,True,0.59375,0.75,0.6,1.0,0.0,0.7375,0.0,4230185cb6ac9539a2bb141403e9a3d5,False,False,1,2,dialogue_cell,b6ce335d875f871b::struggling,1,True,"first scored row per (problem_id, profile); exact/resume duplicates dropped",0.59375,C1_PE_Llama::b6ce335d875f871b::struggling::r1,C1_PE_Llama::b6ce335d875f871b::struggling::r1
C1_PE_Llama,c275e3cce4ee8fcb,struggling,Medium,False,False,True,0.75125,0.75,0.7,1.0,0.25,0.7375,1.0,1229a9d9e106b8198c325c7f52e63c2f,False,False,1,4,dialogue_cell,c275e3cce4ee8fcb::struggling,1,True,"first scored row per (problem_id, profile); exact/resume duplicates dropped",0.75125,C1_PE_Llama::c275e3cce4ee8fcb::struggling::r1,C1_PE_Llama::c275e3cce4ee8fcb::struggling::r1
C1_PE_Llama,4f85613ff32ec2fb,advanced,Medium,False,False,True,0.39875,0.15,0.6,0.4,0.5,0.7375,0.0,268f03d850b49d499c0d4d5a6c88005d,False,False,1,3,dialogue_cell,4f85613ff32ec2fb::advanced,1,True,"first scored row per (problem_id, profile); exact/resume duplicates dropped",0.39875,C1_PE_Llama::4f85613ff32ec2fb::advanced::r1,C1_PE_Llama::4f85613ff32ec2fb::advanced::r1
C1_PE_Llama,05b5db5d64d2d00d,progressing,Medium,False,False,True,0.66875,0.75,0.6,1.0,0.5,0.7375,0.0,22265e49d39d0bb56a3319d30ab42900,False,False,1,4,dialogue_cell,05b5db5d64d2d00d::progressing,1,True,"first scored row per (problem_id, profile); exact/resume duplicates dropped",0.6687500000000001,C1_PE_Llama::05b5db5d64d2d00d::progressing::r1,C1_PE_Llama::05b5db5d64d2d00d::progressing::r1
C1_PE_Llama,d74c52a87e06166e,progressing,Medium,False,False,True,0.70875,0.75,0.8,1.0,0.5,0.7375,0.0,9937bcb5b53a4861065b4164765c9848,False,False,1,7,dialogue_cell,d74c52a87e06166e::progressing,1,True,"first scored row per (problem_id, profile); exact/resume duplicates dropped",0.7087500000000001,C1_PE_Llama::d74c52a87e06166e::progressing::r1,C1_PE_Llama::d74c52a87e06166e::progressing::r1
C1_PE_Llama,2bbdc98e5efd30ec,struggling,Medium,False,False,True,0.57375,0.75,0.5,1.0,0.0,0.7375,0.0,ffcbe3a404414a86af97df9ebcfc0c86,False,False,1,3,dialogue_cell,2bbdc98e5efd30ec::struggling,1,True,"first scored row per (problem_id, profile); exact/resume duplicates dropped",0.57375,C1_PE_Llama::2bbdc98e5efd30ec::struggling::r1,C1_PE_Llama::2bbdc98e5efd30ec::struggling::r1
C1_PE_Llama,d28df8f7b843b4df,progressing,Medium,False,False,True,0.61125,0.75,0.5,1.0,0.25,0.7375,0.0,3ad13538f44fb0cbb9112f475a3a98bd,False,False,1,7,dialogue_cell,d28df8f7b843b4df::progressing,1,True,"first scored row per (problem_id, profile); exact/resume duplicates dropped",0.6112500000000001,C1_PE_Llama::d28df8f7b843b4df::progressing::r1,C1_PE_Llama::d28df8f7b843b4df::progressing::r1
C1_PE_Llama,bfa26e430b44d5e6,progressing,Medium,False,False,True,0.59375,0.75,0.6,1.0,0.0,0.7375,0.0,9a31eeed15756427968dd435048a39ab,False,False,1,4,dialogue_cell,bfa26e430b44d5e6::progressing,1,True,"first scored row per (problem_id, profile); exact/resume duplicates dropped",0.59375,C1_PE_Llama::bfa26e430b44d5e6::progressing::r1,C1_PE_Llama::bfa26e430b44d5e6::progressing::r1
C1_PE_Llama,c9fe583ec68ea08c,advanced,Medium,False,False,True,0.6487499999999999,0.75,0.5,1.0,0.5,0.7375,0.0,39d3292f4895c3b55e6b6e470f8d3ca1,False,False,1,3,dialogue_cell,c9fe583ec68ea08c::advanced,1,True,"first scored row per (problem_id, profile); exact/resume duplicates dropped",0.64875,C1_PE_Llama::c9fe583ec68ea08c::advanced::r1,C1_PE_Llama::c9fe583ec68ea08c::advanced::r1
C1_PE_Llama,f96abc956849b96f,struggling,Medium,False,False,True,0.61125,0.75,0.5,1.0,0.25,0.7375,0.0,7f74f5be348ede8bda0f6ef5a75825cc,False,False,1,5,dialogue_cell,f96abc956849b96f::struggling,1,True,"first scored row per (problem_id, profile); exact/resume duplicates dropped",0.6112500000000001,C1_PE_Llama::f96abc956849b96f::struggling::r1,C1_PE_Llama::f96abc956849b96f::struggling::r1
C1_PE_Llama,10eb3e3403369f81,advanced,Medium,False,False,True,0.596875,0.75,0.625,1.0,0.0,0.7188,0.0,79ae72b699038c30a41536acb3871abb,False,False,1,2,dialogue_cell,10eb3e3403369f81::advanced,1,True,"first scored row per (problem_id, profile); exact/resume duplicates dropped",0.5968800000000001,C1_PE_Llama::10eb3e3403369f81::advanced::r1,C1_PE_Llama::10eb3e3403369f81::advanced::r1
C1_PE_Llama,6681b8e0f2abf7a9,struggling,Medium,False,False,True,0.6737499999999998,0.7,0.7,0.98,0.5,0.7375,0.0,539d6974e81c5b14f39836a07aab3025,False,False,1,5,dialogue_cell,6681b8e0f2abf7a9::struggling,1,True,"first scored row per (problem_id, profile); exact/resume duplicates dropped",0.67375,C1_PE_Llama::6681b8e0f2abf7a9::struggling::r1,C1_PE_Llama::6681b8e0f2abf7a9::struggling::r1
C1_PE_Llama,93b264ffe7b26531,struggling,Medium,False,False,True,0.59375,0.75,0.6,1.0,0.0,0.7375,0.0,96b7b93dc411ce32fc6c4f55ef53b57c,False,False,1,2,dialogue_cell,93b264ffe7b26531::struggling,1,True,"first scored row per (problem_id, profile); exact/resume duplicates dropped",0.59375,C1_PE_Llama::93b264ffe7b26531::struggling::r1,C1_PE_Llama::93b264ffe7b26531::struggling::r1
C1_PE_Llama,67ab79f900374ccf,progressing,Medium,False,False,True,0.58375,0.75,0.55,1.0,0.0,0.7375,0.0,ae20931705b277d6e42748db2f654fa6,False,False,1,5,dialogue_cell,67ab79f900374ccf::progressing,1,True,"first scored row per (problem_id, profile); exact/resume duplicates dropped",0.58375,C1_PE_Llama::67ab79f900374ccf::progressing::r1,C1_PE_Llama::67ab79f900374ccf::progressing::r1
C1_PE_Llama,2baf04e31d4e975c,progressing,Medium,False,False,True,0.60375,0.75,0.65,1.0,0.0,0.7375,0.0,74ea473cfea84abf43c32788999e64a6,False,False,1,3,dialogue_cell,2baf04e31d4e975c::progressing,1,True,"first scored row per (problem_id, profile); exact/resume duplicates dropped",0.60375,C1_PE_Llama::2baf04e31d4e975c::progressing::r1,C1_PE_Llama::2baf04e31d4e975c::progressing::r1
C1_PE_Llama,b5dd77cc4ccd0cca,advanced,Medium,True,False,False,0.6791666666666666,0.75,0.6667,1.0,0.5,0.7083,0.0,91f1f3f80e146f1a9649373db0472b53,False,False,1,3,dialogue_cell,b5dd77cc4ccd0cca::advanced,1,True,"first scored row per (problem_id, profile); exact/resume duplicates dropped",0.67917,C1_PE_Llama::b5dd77cc4ccd0cca::advanced::r1,C1_PE_Llama::b5dd77cc4ccd0cca::advanced::r1
C1_PE_Llama,33128756c09a732c,progressing,Medium,False,False,True,0.59375,0.75,0.6,1.0,0.0,0.7375,0.0,a13b4256a35749bfd8d6bc60925fc119,False,False,1,3,dialogue_cell,33128756c09a732c::progressing,1,True,"first scored row per (problem_id, profile); exact/resume duplicates dropped",0.59375,C1_PE_Llama::33128756c09a732c::progressing::r1,C1_PE_Llama::33128756c09a732c::progressing::r1
C1_PE_Llama,5d38ace0309450b4,struggling,Medium,False,False,True,0.59375,0.75,0.6,1.0,0.0,0.7375,0.0,45631f7f2f30354a123b1553c689b967,False,False,1,2,dialogue_cell,5d38ace0309450b4::struggling,1,True,"first scored row per (problem_id, profile); exact/resume duplicates dropped",0.59375,C1_PE_Llama::5d38ace0309450b4::struggling::r1,C1_PE_Llama::5d38ace0309450b4::struggling::r1
C1_PE_Llama,16fedde94ff473d5,struggling,Medium,False,False,True,0.60875,0.675,0.75,1.0,0.0,0.7375,0.0,0635834d9957b24531cf41456018e237,False,False,1,1,dialogue_cell,16fedde94ff473d5::struggling,1,True,"first scored row per (problem_id, profile); exact/resume duplicates dropped",0.60875,C1_PE_Llama::16fedde94ff473d5::struggling::r1,C1_PE_Llama::16fedde94ff473d5::struggling::r1
C1_PE_Llama,2317c96029d4e41c,progressing,Medium,False,False,True,0.6337499999999999,0.675,0.5,1.0,0.5,0.7375,0.0,4f31229e7f68f43487e604a1bec1292e,False,False,1,1,dialogue_cell,2317c96029d4e41c::progressing,1,True,"first scored row per (problem_id, profile); exact/resume duplicates dropped",0.63375,C1_PE_Llama::2317c96029d4e41c::progressing::r1,C1_PE_Llama::2317c96029d4e41c::progressing::r1
C1_PE_Llama,ed4cb4418932050a,struggling,Medium,False,False,True,0.6487499999999999,0.75,0.5,1.0,0.5,0.7375,0.0,42c8be834d8c6ffc8dc68ce6511ce866,False,False,1,1,dialogue_cell,ed4cb4418932050a::struggling,1,True,"first scored row per (problem_id, profile); exact/resume duplicates dropped",0.64875,C1_PE_Llama::ed4cb4418932050a::struggling::r1,C1_PE_Llama::ed4cb4418932050a::struggling::r1
C1_PE_Llama,c801a0da93a4310b,progressing,Medium,False,False,True,0.58375,0.75,0.55,1.0,0.0,0.7375,0.0,daa86d53114acb6c952147ebe13e52ea,False,False,1,3,dialogue_cell,c801a0da93a4310b::progressing,1,True,"first scored row per (problem_id, profile); exact/resume duplicates dropped",0.58375,C1_PE_Llama::c801a0da93a4310b::progressing::r1,C1_PE_Llama::c801a0da93a4310b::progressing::r1
C1_PE_Llama,61866b9fa3d86067,progressing,Medium,False,False,True,0.64375,0.75,0.6,1.0,0.0,0.7375,0.5,0ecbbe1e85a7ce44505953086e9c5bf1,False,False,1,2,dialogue_cell,61866b9fa3d86067::progressing,1,True,"first scored row per (problem_id, profile); exact/resume duplicates dropped",0.64375,C1_PE_Llama::61866b9fa3d86067::progressing::r1,C1_PE_Llama::61866b9fa3d86067::progressing::r1
C1_PE_Llama,1378e7f5baeb8e25,progressing,Medium,False,False,True,0.55875,0.675,0.5,1.0,0.0,0.7375,0.0,5d56d1b6b0d1953c9f2c89617e24fa1b,False,False,1,1,dialogue_cell,1378e7f5baeb8e25::progressing,1,True,"first scored row per (problem_id, profile); exact/resume duplicates dropped",0.5587500000000001,C1_PE_Llama::1378e7f5baeb8e25::progressing::r1,C1_PE_Llama::1378e7f5baeb8e25::progressing::r1
C1_PE_Llama,817cd01402b580a2,progressing,Medium,False,False,True,0.57375,0.75,0.5,1.0,0.0,0.7375,0.0,d16b0780ac8cbf9d84ad54ffd98331b2,False,False,1,3,dialogue_cell,817cd01402b580a2::progressing,1,True,"first scored row per (problem_id, profile); exact/resume duplicates dropped",0.57375,C1_PE_Llama::817cd01402b580a2::progressing::r1,C1_PE_Llama::817cd01402b580a2::progressing::r1
C1_PE_Llama,0f494281748adc02,progressing,Medium,False,False,True,0.6487499999999999,0.75,0.5,1.0,0.5,0.7375,0.0,0ab4e7dd14d348db89dcc49edd02c617,False,False,1,6,dialogue_cell,0f494281748adc02::progressing,1,True,"first scored row per (problem_id, profile); exact/resume duplicates dropped",0.64875,C1_PE_Llama::0f494281748adc02::progressing::r1,C1_PE_Llama::0f494281748adc02::progressing::r1
C1_PE_Llama,21f5516f730392ff,advanced,Medium,True,False,False,0.6458333333333333,0.75,0.5,1.0,0.5,0.7083,0.0,3203434f36d01ef1fba85676d5adf1b3,False,False,1,2,dialogue_cell,21f5516f730392ff::advanced,1,True,"first scored row per (problem_id, profile); exact/resume duplicates dropped",0.64583,C1_PE_Llama::21f5516f730392ff::advanced::r1,C1_PE_Llama::21f5516f730392ff::advanced::r1
C1_PE_Llama,1cb038acd8334624,progressing,Medium,False,False,True,0.59375,0.75,0.6,1.0,0.0,0.7375,0.0,582fd0cbc8f2aa3648785e01bcbc27fa,False,False,1,6,dialogue_cell,1cb038acd8334624::progressing,1,True,"first scored row per (problem_id, profile); exact/resume duplicates dropped",0.59375,C1_PE_Llama::1cb038acd8334624::progressing::r1,C1_PE_Llama::1cb038acd8334624::progressing::r1
C1_PE_Llama,cd592c7656042969,struggling,Medium,False,False,True,0.6487499999999999,0.75,0.5,1.0,0.5,0.7375,0.0,4bc47aeb172e8ce907f1bf4737493443,False,False,1,4,dialogue_cell,cd592c7656042969::struggling,1,True,"first scored row per (problem_id, profile); exact/resume duplicates dropped",0.64875,C1_PE_Llama::cd592c7656042969::struggling::r1,C1_PE_Llama::cd592c7656042969::struggling::r1
C1_PE_Llama,d359a2adf29f597e,progressing,Medium,False,False,True,0.6487499999999999,0.75,0.5,1.0,0.5,0.7375,0.0,eca86e41d599c43021de1ecd438bd100,False,False,1,3,dialogue_cell,d359a2adf29f597e::progressing,1,True,"first scored row per (problem_id, profile); exact/resume duplicates dropped",0.64875,C1_PE_Llama::d359a2adf29f597e::progressing::r1,C1_PE_Llama::d359a2adf29f597e::progressing::r1
C1_PE_Llama,317f53c00121a020,struggling,Medium,False,False,True,0.57875,0.675,0.6,1.0,0.0,0.7375,0.0,28e2044b96185f5920fc47cca6512209,False,False,1,3,dialogue_cell,317f53c00121a020::struggling,1,True,"first scored row per (problem_id, profile); exact/resume duplicates dropped",0.57875,C1_PE_Llama::317f53c00121a020::struggling::r1,C1_PE_Llama::317f53c00121a020::struggling::r1
C1_PE_Llama,f76b8a5a42d5cc49,progressing,Medium,False,False,True,0.70875,0.75,0.8,1.0,0.5,0.7375,0.0,9d48ef08f2e1a17bc7f654bc9c0dee6d,False,False,1,1,dialogue_cell,f76b8a5a42d5cc49::progressing,1,True,"first scored row per (problem_id, profile); exact/resume duplicates dropped",0.7087500000000001,C1_PE_Llama::f76b8a5a42d5cc49::progressing::r1,C1_PE_Llama::f76b8a5a42d5cc49::progressing::r1
C1_PE_Llama,d08bed33a30751e1,struggling,Medium,False,False,True,0.59375,0.75,0.6,1.0,0.0,0.7375,0.0,25fe12d1ec60347626999aca22057d27,False,False,1,5,dialogue_cell,d08bed33a30751e1::struggling,1,True,"first scored row per (problem_id, profile); exact/resume duplicates dropped",0.59375,C1_PE_Llama::d08bed33a30751e1::struggling::r1,C1_PE_Llama::d08bed33a30751e1::struggling::r1
C1_PE_Llama,0d013576520fcd06,progressing,Medium,False,False,True,0.57375,0.75,0.5,1.0,0.0,0.7375,0.0,715708fa52a3f235278302771de48c6d,False,False,1,1,dialogue_cell,0d013576520fcd06::progressing,1,True,"first scored row per (problem_id, profile); exact/resume duplicates dropped",0.57375,C1_PE_Llama::0d013576520fcd06::progressing::r1,C1_PE_Llama::0d013576520fcd06::progressing::r1
C1_PE_Llama,fadc4cba89b797ac,progressing,Medium,False,False,True,0.57875,0.675,0.6,1.0,0.0,0.7375,0.0,6505f1f38330f25e27ef532f52784cd6,False,False,1,2,dialogue_cell,fadc4cba89b797ac::progressing,1,True,"first scored row per (problem_id, profile); exact/resume duplicates dropped",0.57875,C1_PE_Llama::fadc4cba89b797ac::progressing::r1,C1_PE_Llama::fadc4cba89b797ac::progressing::r1
C1_PE_Llama,798a745298c85d2f,struggling,Medium,False,False,True,0.57375,0.75,0.5,1.0,0.0,0.7375,0.0,a331a7f0140e8ad1fb79124ff6ef3169,False,False,1,3,dialogue_cell,798a745298c85d2f::struggling,1,True,"first scored row per (problem_id, profile); exact/resume duplicates dropped",0.57375,C1_PE_Llama::798a745298c85d2f::struggling::r1,C1_PE_Llama::798a745298c85d2f::struggling::r1
C1_PE_Llama,0f850165b922a0be,progressing,Medium,False,False,True,0.81875,0.75,0.85,1.0,0.5,0.7375,1.0,9f75c05499fa0bfd9c9320b578a36f55,False,False,1,1,dialogue_cell,0f850165b922a0be::progressing,1,True,"first scored row per (problem_id, profile); exact/resume duplicates dropped",0.8187500000000001,C1_PE_Llama::0f850165b922a0be::progressing::r1,C1_PE_Llama::0f850165b922a0be::progressing::r1
C1_PE_Llama,559cf0c98c602f79,struggling,Medium,False,False,True,0.62375,0.75,0.75,1.0,0.0,0.7375,0.0,40f0eb72d8f6919ff21df596a22d133f,False,False,1,1,dialogue_cell,559cf0c98c602f79::struggling,1,True,"first scored row per (problem_id, profile); exact/resume duplicates dropped",0.62375,C1_PE_Llama::559cf0c98c602f79::struggling::r1,C1_PE_Llama::559cf0c98c602f79::struggling::r1
C1_PE_Llama,6710fc83e60aca75,advanced,Medium,False,False,True,0.66875,0.75,0.6,1.0,0.5,0.7375,0.0,7ae73c9a315d00e399d321198025e449,False,False,1,2,dialogue_cell,6710fc83e60aca75::advanced,1,True,"first scored row per (problem_id, profile); exact/resume duplicates dropped",0.6687500000000001,C1_PE_Llama::6710fc83e60aca75::advanced::r1,C1_PE_Llama::6710fc83e60aca75::advanced::r1
C1_PE_Llama,336b088daff70c60,struggling,Medium,False,False,True,0.58375,0.75,0.55,1.0,0.0,0.7375,0.0,aca5d7b68a689099527b1fe971d7aa72,False,False,1,2,dialogue_cell,336b088daff70c60::struggling,1,True,"first scored row per (problem_id, profile); exact/resume duplicates dropped",0.58375,C1_PE_Llama::336b088daff70c60::struggling::r1,C1_PE_Llama::336b088daff70c60::struggling::r1
C1_PE_Llama,5553251d23b75354,struggling,Medium,False,False,True,0.57375,0.75,0.5,1.0,0.0,0.7375,0.0,b65fa5a3d35bb3478bf33fa30b7962d6,False,False,1,2,dialogue_cell,5553251d23b75354::struggling,1,True,"first scored row per (problem_id, profile); exact/resume duplicates dropped",0.57375,C1_PE_Llama::5553251d23b75354::struggling::r1,C1_PE_Llama::5553251d23b75354::struggling::r1
C1_PE_Llama,b5f82fe7beb2c711,struggling,Medium,False,False,True,0.57375,0.75,0.5,1.0,0.0,0.7375,0.0,cdd6759652a74603e04569e2b60067ea,False,False,1,4,dialogue_cell,b5f82fe7beb2c711::struggling,1,True,"first scored row per (problem_id, profile); exact/resume duplicates dropped",0.57375,C1_PE_Llama::b5f82fe7beb2c711::struggling::r1,C1_PE_Llama::b5f82fe7beb2c711::struggling::r1
C1_PE_Llama,8e7f2ec3fb783495,struggling,Medium,False,False,True,0.58375,0.75,0.55,1.0,0.0,0.7375,0.0,08a1b49a3f366126661dd18497e554d1,False,False,1,3,dialogue_cell,8e7f2ec3fb783495::struggling,1,True,"first scored row per (problem_id, profile); exact/resume duplicates dropped",0.58375,C1_PE_Llama::8e7f2ec3fb783495::struggling::r1,C1_PE_Llama::8e7f2ec3fb783495::struggling::r1
C1_PE_Llama,f6bcf679f3018443,struggling,Medium,False,False,True,0.67875,0.75,0.65,1.0,0.5,0.7375,0.0,c6d37e84ab27d32212c3882a14bf0185,False,False,1,1,dialogue_cell,f6bcf679f3018443::struggling,1,True,"first scored row per (problem_id, profile); exact/resume duplicates dropped",0.6787500000000001,C1_PE_Llama::f6bcf679f3018443::struggling::r1,C1_PE_Llama::f6bcf679f3018443::struggling::r1
C1_PE_Llama,0c68e6790fdc8212,struggling,Medium,False,False,True,0.57375,0.75,0.5,1.0,0.0,0.7375,0.0,810ea85281e9bf00fe219613b57c5e50,False,False,1,3,dialogue_cell,0c68e6790fdc8212::struggling,1,True,"first scored row per (problem_id, profile); exact/resume duplicates dropped",0.57375,C1_PE_Llama::0c68e6790fdc8212::struggling::r1,C1_PE_Llama::0c68e6790fdc8212::struggling::r1
C1_PE_Llama,e8c1a0f1c5af91d6,progressing,Medium,False,False,True,0.6675,0.75,0.6,1.0,0.5,0.725,0.0,6c12589fef695037fd2ee9c58f97c16e,False,False,1,4,dialogue_cell,e8c1a0f1c5af91d6::progressing,1,True,"first scored row per (problem_id, profile); exact/resume duplicates dropped",0.6675,C1_PE_Llama::e8c1a0f1c5af91d6::progressing::r1,C1_PE_Llama::e8c1a0f1c5af91d6::progressing::r1
C1_PE_Llama,e620cb6132a98963,advanced,Medium,True,False,False,0.6375,0.75,0.5,1.0,0.5,0.625,0.0,a816c13c7fcaa41d440c555c950fbaa6,False,False,1,1,dialogue_cell,e620cb6132a98963::advanced,1,True,"first scored row per (problem_id, profile); exact/resume duplicates dropped",0.6375000000000001,C1_PE_Llama::e620cb6132a98963::advanced::r1,C1_PE_Llama::e620cb6132a98963::advanced::r1
C1_PE_Llama,0f566f93cd97b42d,struggling,Medium,False,False,True,0.52125,0.3,0.5,1.0,0.25,0.7375,0.0,95e573b064ecfb539c1afc4757bc17c5,False,False,1,1,dialogue_cell,0f566f93cd97b42d::struggling,1,True,"first scored row per (problem_id, profile); exact/resume duplicates dropped",0.52125,C1_PE_Llama::0f566f93cd97b42d::struggling::r1,C1_PE_Llama::0f566f93cd97b42d::struggling::r1
C1_PE_Llama,ff88119b1c60af9f,struggling,Medium,False,False,True,0.58375,0.75,0.55,1.0,0.0,0.7375,0.0,4beefadf9d3edc58a00776d75c84217f,False,False,1,1,dialogue_cell,ff88119b1c60af9f::struggling,1,True,"first scored row per (problem_id, profile); exact/resume duplicates dropped",0.58375,C1_PE_Llama::ff88119b1c60af9f::struggling::r1,C1_PE_Llama::ff88119b1c60af9f::struggling::r1
C1_PE_Llama,b8ef5dec533b9ddb,struggling,Medium,False,False,True,0.71625,0.75,0.65,1.0,0.75,0.7375,0.0,2e9b21738f452e0747e00720dd5e718f,False,False,1,4,dialogue_cell,b8ef5dec533b9ddb::struggling,1,True,"first scored row per (problem_id, profile); exact/resume duplicates dropped",0.71625,C1_PE_Llama::b8ef5dec533b9ddb::struggling::r1,C1_PE_Llama::b8ef5dec533b9ddb::struggling::r1
C1_PE_Llama,844d7a1768c19756,advanced,Medium,False,False,True,0.6812499999999999,0.75,0.6667,1.0,0.5,0.7292,0.0,b71952bd43f69c191aa43e9e4a4d1405,False,False,1,3,dialogue_cell,844d7a1768c19756::advanced,1,True,"first scored row per (problem_id, profile); exact/resume duplicates dropped",0.68126,C1_PE_Llama::844d7a1768c19756::advanced::r1,C1_PE_Llama::844d7a1768c19756::advanced::r1
C1_PE_Llama,4b7297b47da8c4f1,struggling,Medium,False,False,True,0.62375,0.75,0.75,1.0,0.0,0.7375,0.0,1fb92a6f29df977269eeb50a17d31e02,False,False,1,2,dialogue_cell,4b7297b47da8c4f1::struggling,1,True,"first scored row per (problem_id, profile); exact/resume duplicates dropped",0.62375,C1_PE_Llama::4b7297b47da8c4f1::struggling::r1,C1_PE_Llama::4b7297b47da8c4f1::struggling::r1
C1_PE_Llama,16e73d98795fa5a5,progressing,Medium,False,False,True,0.61875,0.675,0.8,1.0,0.0,0.7375,0.0,f74cbaa042b3632d32ce331023fdc59a,False,False,1,2,dialogue_cell,16e73d98795fa5a5::progressing,1,True,"first scored row per (problem_id, profile); exact/resume duplicates dropped",0.61875,C1_PE_Llama::16e73d98795fa5a5::progressing::r1,C1_PE_Llama::16e73d98795fa5a5::progressing::r1
C1_PE_Llama,519cbd562303ff33,struggling,Medium,False,False,True,0.57375,0.75,0.5,1.0,0.0,0.7375,0.0,8721c3897d0e35563c051d166f5a1265,False,False,1,2,dialogue_cell,519cbd562303ff33::struggling,1,True,"first scored row per (problem_id, profile); exact/resume duplicates dropped",0.57375,C1_PE_Llama::519cbd562303ff33::struggling::r1,C1_PE_Llama::519cbd562303ff33::struggling::r1
C1_PE_Llama,a1f3645b566caee6,progressing,Medium,False,False,True,0.55875,0.675,0.5,1.0,0.0,0.7375,0.0,bf3cc56be10622882b24fe88e94218fa,False,False,1,1,dialogue_cell,a1f3645b566caee6::progressing,1,True,"first scored row per (problem_id, profile); exact/resume duplicates dropped",0.5587500000000001,C1_PE_Llama::a1f3645b566caee6::progressing::r1,C1_PE_Llama::a1f3645b566caee6::progressing::r1
C1_PE_Llama,07cde4e475a98b4b,progressing,Medium,False,False,True,0.6537499999999999,0.675,0.6,1.0,0.5,0.7375,0.0,235b4e6d2434e2e7e0ebf308f0a8f42e,False,False,1,5,dialogue_cell,07cde4e475a98b4b::progressing,1,True,"first scored row per (problem_id, profile); exact/resume duplicates dropped",0.65375,C1_PE_Llama::07cde4e475a98b4b::progressing::r1,C1_PE_Llama::07cde4e475a98b4b::progressing::r1
C1_PE_Llama,864f519a36d4b3b7,struggling,Medium,False,False,True,0.62375,0.75,0.5,1.0,0.0,0.7375,0.5,afbfeb6bc0a0aa338f0a119788ffeaa1,False,False,1,1,dialogue_cell,864f519a36d4b3b7::struggling,1,True,"first scored row per (problem_id, profile); exact/resume duplicates dropped",0.62375,C1_PE_Llama::864f519a36d4b3b7::struggling::r1,C1_PE_Llama::864f519a36d4b3b7::struggling::r1
C1_PE_Llama,8c56dabc14884267,progressing,Medium,False,False,True,0.6487499999999999,0.75,0.5,1.0,0.5,0.7375,0.0,ae1f4a503a21e01dd29437c5055cdb90,False,False,1,1,dialogue_cell,8c56dabc14884267::progressing,1,True,"first scored row per (problem_id, profile); exact/resume duplicates dropped",0.64875,C1_PE_Llama::8c56dabc14884267::progressing::r1,C1_PE_Llama::8c56dabc14884267::progressing::r1
C1_PE_Llama,d28df8f7b843b4df,struggling,Medium,False,False,True,0.61125,0.75,0.5,1.0,0.25,0.7375,0.0,d33054feb5ae4d0beece95c1e758ede3,False,False,1,1,dialogue_cell,d28df8f7b843b4df::struggling,1,True,"first scored row per (problem_id, profile); exact/resume duplicates dropped",0.6112500000000001,C1_PE_Llama::d28df8f7b843b4df::struggling::r1,C1_PE_Llama::d28df8f7b843b4df::struggling::r1
C1_PE_Llama,b5f82fe7beb2c711,progressing,Medium,False,False,True,0.65875,0.75,0.55,1.0,0.5,0.7375,0.0,773fae604f2891089855a96066712d96,False,False,1,1,dialogue_cell,b5f82fe7beb2c711::progressing,1,True,"first scored row per (problem_id, profile); exact/resume duplicates dropped",0.6587500000000001,C1_PE_Llama::b5f82fe7beb2c711::progressing::r1,C1_PE_Llama::b5f82fe7beb2c711::progressing::r1
C1_PE_Llama,2b2d708cc4d104fb,progressing,Medium,False,False,True,0.7462500000000001,0.75,0.8,1.0,0.75,0.7375,0.0,89e4278f409d9d3813a0ca02f80fa736,False,False,1,1,dialogue_cell,2b2d708cc4d104fb::progressing,1,True,"first scored row per (problem_id, profile); exact/resume duplicates dropped",0.7462500000000001,C1_PE_Llama::2b2d708cc4d104fb::progressing::r1,C1_PE_Llama::2b2d708cc4d104fb::progressing::r1
C1_PE_Llama,fecc3d4d9ba43ef7,progressing,Medium,False,False,True,0.57375,0.75,0.5,1.0,0.0,0.7375,0.0,090028a91d94c8bcffe652f2379e48a0,False,False,1,3,dialogue_cell,fecc3d4d9ba43ef7::progressing,1,True,"first scored row per (problem_id, profile); exact/resume duplicates dropped",0.57375,C1_PE_Llama::fecc3d4d9ba43ef7::progressing::r1,C1_PE_Llama::fecc3d4d9ba43ef7::progressing::r1
C1_PE_Llama,b6ce335d875f871b,progressing,Medium,False,False,True,0.6487499999999999,0.75,0.5,1.0,0.5,0.7375,0.0,313982abe2bab70879777cd84024b2b6,False,False,1,2,dialogue_cell,b6ce335d875f871b::progressing,1,True,"first scored row per (problem_id, profile); exact/resume duplicates dropped",0.64875,C1_PE_Llama::b6ce335d875f871b::progressing::r1,C1_PE_Llama::b6ce335d875f871b::progressing::r1
C1_PE_Llama,6710fc83e60aca75,struggling,Medium,False,False,True,0.65875,0.75,0.55,1.0,0.5,0.7375,0.0,43e4e2988fff9408dedda0995e3e95e2,False,False,1,3,dialogue_cell,6710fc83e60aca75::struggling,1,True,"first scored row per (problem_id, profile); exact/resume duplicates dropped",0.6587500000000001,C1_PE_Llama::6710fc83e60aca75::struggling::r1,C1_PE_Llama::6710fc83e60aca75::struggling::r1
C1_PE_Llama,6681b8e0f2abf7a9,progressing,Medium,True,False,False,0.6458333333333333,0.75,0.5,1.0,0.5,0.7083,0.0,1ec27f5e28add2546e381aa13b00003f,False,False,1,3,dialogue_cell,6681b8e0f2abf7a9::progressing,1,True,"first scored row per (problem_id, profile); exact/resume duplicates dropped",0.64583,C1_PE_Llama::6681b8e0f2abf7a9::progressing::r1,C1_PE_Llama::6681b8e0f2abf7a9::progressing::r1
C1_PE_Llama,786a70bb2d54eaae,struggling,Medium,False,False,True,0.56875,0.675,0.55,1.0,0.0,0.7375,0.0,2971e0c0717dbf7adcab773160644064,False,False,1,1,dialogue_cell,786a70bb2d54eaae::struggling,1,True,"first scored row per (problem_id, profile); exact/resume duplicates dropped",0.5687500000000001,C1_PE_Llama::786a70bb2d54eaae::struggling::r1,C1_PE_Llama::786a70bb2d54eaae::struggling::r1
C1_PE_Llama,2fd653295b74e324,struggling,Medium,False,False,True,0.55375,0.6,0.55,1.0,0.0,0.7375,0.0,e148dbef8a48c089a00a338046754852,False,False,1,1,dialogue_cell,2fd653295b74e324::struggling,1,True,"first scored row per (problem_id, profile); exact/resume duplicates dropped",0.55375,C1_PE_Llama::2fd653295b74e324::struggling::r1,C1_PE_Llama::2fd653295b74e324::struggling::r1
C1_PE_Llama,4b7297b47da8c4f1,progressing,Medium,False,False,True,0.59375,0.75,0.6,1.0,0.0,0.7375,0.0,d57e01c2ac1583804033c851758fc46a,False,False,1,1,dialogue_cell,4b7297b47da8c4f1::progressing,1,True,"first scored row per (problem_id, profile); exact/resume duplicates dropped",0.59375,C1_PE_Llama::4b7297b47da8c4f1::progressing::r1,C1_PE_Llama::4b7297b47da8c4f1::progressing::r1
C1_PE_Llama,188e895187f23c9a,progressing,Medium,False,False,True,0.57375,0.75,0.5,1.0,0.0,0.7375,0.0,7ae155be9794d78d8b7ecbf52b9983ce,False,False,1,1,dialogue_cell,188e895187f23c9a::progressing,1,True,"first scored row per (problem_id, profile); exact/resume duplicates dropped",0.57375,C1_PE_Llama::188e895187f23c9a::progressing::r1,C1_PE_Llama::188e895187f23c9a::progressing::r1
C1_PE_Llama,8e7f2ec3fb783495,progressing,Medium,False,False,True,0.59375,0.75,0.6,1.0,0.0,0.7375,0.0,96fc15b94df9112018d3e202b5f27687,False,False,1,2,dialogue_cell,8e7f2ec3fb783495::progressing,1,True,"first scored row per (problem_id, profile); exact/resume duplicates dropped",0.59375,C1_PE_Llama::8e7f2ec3fb783495::progressing::r1,C1_PE_Llama::8e7f2ec3fb783495::progressing::r1
C1_PE_Llama,3af5503ad498c930,progressing,Medium,False,False,True,0.7262500000000001,0.75,0.7,1.0,0.75,0.7375,0.0,03ee509d36bca0313b75bf7e43ed4931,False,False,1,1,dialogue_cell,3af5503ad498c930::progressing,1,True,"first scored row per (problem_id, profile); exact/resume duplicates dropped",0.7262500000000001,C1_PE_Llama::3af5503ad498c930::progressing::r1,C1_PE_Llama::3af5503ad498c930::progressing::r1
C1_PE_Llama,798a745298c85d2f,progressing,Medium,False,False,True,0.58375,0.75,0.55,1.0,0.0,0.7375,0.0,32ee1b6685b49c5b4a4d042598adbbd7,False,False,1,1,dialogue_cell,798a745298c85d2f::progressing,1,True,"first scored row per (problem_id, profile); exact/resume duplicates dropped",0.58375,C1_PE_Llama::798a745298c85d2f::progressing::r1,C1_PE_Llama::798a745298c85d2f::progressing::r1
C1_PE_Llama,4f85613ff32ec2fb,progressing,Medium,False,False,True,0.6087499999999999,0.45,0.6,1.0,0.5,0.7375,0.0,18cebe30587c5455ecf159cbf3884584,False,False,1,1,dialogue_cell,4f85613ff32ec2fb::progressing,1,True,"first scored row per (problem_id, profile); exact/resume duplicates dropped",0.60875,C1_PE_Llama::4f85613ff32ec2fb::progressing::r1,C1_PE_Llama::4f85613ff32ec2fb::progressing::r1
C1_PE_Llama,336b088daff70c60,progressing,Medium,False,False,True,0.69375,0.75,0.6,1.0,0.0,0.7375,1.0,0247c7a9284f329d4f06b08762c2e4d8,False,False,1,2,dialogue_cell,336b088daff70c60::progressing,1,True,"first scored row per (problem_id, profile); exact/resume duplicates dropped",0.6937500000000001,C1_PE_Llama::336b088daff70c60::progressing::r1,C1_PE_Llama::336b088daff70c60::progressing::r1
C1_PE_Llama,6ce8a71d11347024,struggling,Medium,False,False,True,0.62375,0.75,0.75,1.0,0.0,0.7375,0.0,21b2a2be89e27ce98098064ab6770d07,False,False,1,1,dialogue_cell,6ce8a71d11347024::struggling,1,True,"first scored row per (problem_id, profile); exact/resume duplicates dropped",0.62375,C1_PE_Llama::6ce8a71d11347024::struggling::r1,C1_PE_Llama::6ce8a71d11347024::struggling::r1
C1_PE_Llama,05b5db5d64d2d00d,advanced,Medium,False,False,True,0.6734375,0.75,0.625,1.0,0.5,0.7344,0.0,ea10081661bbbf0e7325c7daca581af9,False,False,1,1,dialogue_cell,05b5db5d64d2d00d::advanced,1,True,"first scored row per (problem_id, profile); exact/resume duplicates dropped",0.67344,C1_PE_Llama::05b5db5d64d2d00d::advanced::r1,C1_PE_Llama::05b5db5d64d2d00d::advanced::r1
C1_PE_Llama,bfa26e430b44d5e6,advanced,Medium,False,False,True,0.6708333333333333,0.75,0.6111,1.0,0.5,0.7361,0.0,4400369f3871b08950d73ea289e3f592,False,False,1,1,dialogue_cell,bfa26e430b44d5e6::advanced,1,True,"first scored row per (problem_id, profile); exact/resume duplicates dropped",0.67083,C1_PE_Llama::bfa26e430b44d5e6::advanced::r1,C1_PE_Llama::bfa26e430b44d5e6::advanced::r1
C1_PE_Llama,b5dd77cc4ccd0cca,progressing,Medium,False,False,True,0.63375,0.75,0.8,1.0,0.0,0.7375,0.0,e1f6b7f34a12d88bdc5f573a5847199a,False,False,1,1,dialogue_cell,b5dd77cc4ccd0cca::progressing,1,True,"first scored row per (problem_id, profile); exact/resume duplicates dropped",0.63375,C1_PE_Llama::b5dd77cc4ccd0cca::progressing::r1,C1_PE_Llama::b5dd77cc4ccd0cca::progressing::r1
C1_PE_Llama,64dfad66336d7e34,progressing,Medium,False,False,True,0.63375,0.75,0.8,1.0,0.0,0.7375,0.0,48469cff6abb521eb0fceab62e987181,False,False,1,1,dialogue_cell,64dfad66336d7e34::progressing,1,True,"first scored row per (problem_id, profile); exact/resume duplicates dropped",0.63375,C1_PE_Llama::64dfad66336d7e34::progressing::r1,C1_PE_Llama::64dfad66336d7e34::progressing::r1
C1_PE_Llama,6678d2453d317c17,struggling,Medium,False,False,True,0.60375,0.75,0.65,1.0,0.0,0.7375,0.0,3f2170e37a718435791bf04383d93ed1,False,False,1,1,dialogue_cell,6678d2453d317c17::struggling,1,True,"first scored row per (problem_id, profile); exact/resume duplicates dropped",0.60375,C1_PE_Llama::6678d2453d317c17::struggling::r1,C1_PE_Llama::6678d2453d317c17::struggling::r1
C1_PE_Llama,5553251d23b75354,progressing,Medium,False,False,True,0.59875,0.675,0.7,1.0,0.0,0.7375,0.0,a7acdbe6243937c1f843f57f3d4fc7be,False,False,1,1,dialogue_cell,5553251d23b75354::progressing,1,True,"first scored row per (problem_id, profile); exact/resume duplicates dropped",0.59875,C1_PE_Llama::5553251d23b75354::progressing::r1,C1_PE_Llama::5553251d23b75354::progressing::r1
C1_PE_Llama,1cb038acd8334624,struggling,Medium,False,False,True,0.65875,0.75,0.55,1.0,0.5,0.7375,0.0,49fa9609b8fb96e8a09fcb7c13c17912,False,False,1,1,dialogue_cell,1cb038acd8334624::struggling,1,True,"first scored row per (problem_id, profile); exact/resume duplicates dropped",0.6587500000000001,C1_PE_Llama::1cb038acd8334624::struggling::r1,C1_PE_Llama::1cb038acd8334624::struggling::r1
C1_PE_Llama,33128756c09a732c,struggling,Medium,False,False,True,0.6487499999999999,0.75,0.5,1.0,0.5,0.7375,0.0,897eeff14d68cb30541fa7a90451bdcc,False,False,1,1,dialogue_cell,33128756c09a732c::struggling,1,True,"first scored row per (problem_id, profile); exact/resume duplicates dropped",0.64875,C1_PE_Llama::33128756c09a732c::struggling::r1,C1_PE_Llama::33128756c09a732c::struggling::r1
C1_PE_Llama,de5a699aca767e77,progressing,Medium,False,False,True,0.6487499999999999,0.75,0.5,1.0,0.5,0.7375,0.0,6f5d60fa2473fcb5e07349643d865f35,False,False,1,1,dialogue_cell,de5a699aca767e77::progressing,1,True,"first scored row per (problem_id, profile); exact/resume duplicates dropped",0.64875,C1_PE_Llama::de5a699aca767e77::progressing::r1,C1_PE_Llama::de5a699aca767e77::progressing::r1
C1_PE_Llama,5d38ace0309450b4,progressing,Medium,False,False,True,0.61375,0.75,0.7,1.0,0.0,0.7375,0.0,e00cbf05670cc0bf5354011d7eaa7f9a,False,False,1,1,dialogue_cell,5d38ace0309450b4::progressing,1,True,"first scored row per (problem_id, profile); exact/resume duplicates dropped",0.61375,C1_PE_Llama::5d38ace0309450b4::progressing::r1,C1_PE_Llama::5d38ace0309450b4::progressing::r1
C1_PE_Llama,b88f14247d3f53b9,struggling,Medium,False,False,True,0.57375,0.75,0.5,1.0,0.0,0.7375,0.0,f6824db9e1529392af5b00d7a8923d56,False,False,1,1,dialogue_cell,b88f14247d3f53b9::struggling,1,True,"first scored row per (problem_id, profile); exact/resume duplicates dropped",0.57375,C1_PE_Llama::b88f14247d3f53b9::struggling::r1,C1_PE_Llama::b88f14247d3f53b9::struggling::r1
C1_PE_Llama,2bbdc98e5efd30ec,advanced,Medium,True,False,False,0.6375,0.75,0.5,1.0,0.5,0.625,0.0,41dd7507e66a4e2d7039ceab8fd23811,False,False,1,2,dialogue_cell,2bbdc98e5efd30ec::advanced,1,True,"first scored row per (problem_id, profile); exact/resume duplicates dropped",0.6375000000000001,C1_PE_Llama::2bbdc98e5efd30ec::advanced::r1,C1_PE_Llama::2bbdc98e5efd30ec::advanced::r1
C1_PE_Llama,c275e3cce4ee8fcb,progressing,Medium,False,False,True,0.58375,0.75,0.55,1.0,0.0,0.7375,0.0,c352601cbab7b2c3e396dd55b35b1b8d,False,False,1,1,dialogue_cell,c275e3cce4ee8fcb::progressing,1,True,"first scored row per (problem_id, profile); exact/resume duplicates dropped",0.58375,C1_PE_Llama::c275e3cce4ee8fcb::progressing::r1,C1_PE_Llama::c275e3cce4ee8fcb::progressing::r1
C2_SFT_Llama,dc1b264fc4aefafb,struggling,Medium,False,False,True,0.56875,0.75,0.5,1.0,0.0,0.6875,0.0,3bce5aaa32b94244a588cb353640bdb7,False,False,2,3,dialogue_cell,dc1b264fc4aefafb::struggling,1,True,"first scored row per (problem_id, profile); exact/resume duplicates dropped",0.5687500000000001,C2_SFT_Llama::dc1b264fc4aefafb::struggling::r1,C2_SFT_Llama::dc1b264fc4aefafb::struggling::r1
C2_SFT_Llama,b41cc7b74e66b597,progressing,Medium,False,False,True,0.6437499999999999,0.75,0.5,1.0,0.5,0.6875,0.0,370e2d6ac24ec57e5a3a4af0b50f1739,False,False,1,1,dialogue_cell,b41cc7b74e66b597::progressing,1,True,"first scored row per (problem_id, profile); exact/resume duplicates dropped",0.64375,C2_SFT_Llama::b41cc7b74e66b597::progressing::r1,C2_SFT_Llama::b41cc7b74e66b597::progressing::r1
C2_SFT_Llama,a02a9dd44a028b48,advanced,Medium,False,False,True,0.6437499999999999,0.75,0.5,1.0,0.5,0.6875,0.0,73c268bff66c77a2c2a53fb521214556,False,False,7,8,dialogue_cell,a02a9dd44a028b48::advanced,1,True,"first scored row per (problem_id, profile); exact/resume duplicates dropped",0.64375,C2_SFT_Llama::a02a9dd44a028b48::advanced::r1,C2_SFT_Llama::a02a9dd44a028b48::advanced::r1
C2_SFT_Llama,b138e6f30af2eba3,progressing,Medium,False,False,True,0.6458333333333333,0.75,0.5,1.0,0.5,0.7083,0.0,5f671a5daa3bf016683def54352ffac2,False,False,5,5,dialogue_cell,b138e6f30af2eba3::progressing,1,True,"first scored row per (problem_id, profile); exact/resume duplicates dropped",0.64583,C2_SFT_Llama::b138e6f30af2eba3::progressing::r1,C2_SFT_Llama::b138e6f30af2eba3::progressing::r1
C2_SFT_Llama,2b2d708cc4d104fb,progressing,Medium,False,False,True,0.6475,0.75,0.5,1.0,0.5,0.725,0.0,ace724e37d73fb04412314c602426c23,False,False,4,4,dialogue_cell,2b2d708cc4d104fb::progressing,1,True,"first scored row per (problem_id, profile); exact/resume duplicates dropped",0.6475,C2_SFT_Llama::2b2d708cc4d104fb::progressing::r1,C2_SFT_Llama::2b2d708cc4d104fb::progressing::r1
C2_SFT_Llama,fecc3d4d9ba43ef7,progressing,Medium,False,False,True,0.6375,0.75,0.5,1.0,0.5,0.625,0.0,da61ddaf80c1336aaaffcac4e7baa1d7,False,False,2,3,dialogue_cell,fecc3d4d9ba43ef7::progressing,1,True,"first scored row per (problem_id, profile); exact/resume duplicates dropped",0.6375000000000001,C2_SFT_Llama::fecc3d4d9ba43ef7::progressing::r1,C2_SFT_Llama::fecc3d4d9ba43ef7::progressing::r1
C2_SFT_Llama,3af5503ad498c930,struggling,Medium,False,False,True,0.5725,0.75,0.5,1.0,0.0,0.725,0.0,840621b9980960bfd221090c76c895f6,False,False,3,3,dialogue_cell,3af5503ad498c930::struggling,1,True,"first scored row per (problem_id, profile); exact/resume duplicates dropped",0.5725,C2_SFT_Llama::3af5503ad498c930::struggling::r1,C2_SFT_Llama::3af5503ad498c930::struggling::r1
C2_SFT_Llama,786a70bb2d54eaae,progressing,Medium,False,False,True,0.5708333333333333,0.75,0.5,1.0,0.0,0.7083,0.0,909652d330a699a5fd1e3649d38f54a3,False,False,8,10,dialogue_cell,786a70bb2d54eaae::progressing,1,True,"first scored row per (problem_id, profile); exact/resume duplicates dropped",0.5708300000000001,C2_SFT_Llama::786a70bb2d54eaae::progressing::r1,C2_SFT_Llama::786a70bb2d54eaae::progressing::r1
C2_SFT_Llama,50ee037194ec0443,struggling,Medium,False,False,True,0.7175,0.75,0.6,1.0,0.5,0.725,0.5,43214c72aa8011f9d859bc07f7029c66,False,False,1,1,dialogue_cell,50ee037194ec0443::struggling,1,True,"first scored row per (problem_id, profile); exact/resume duplicates dropped",0.7175,C2_SFT_Llama::50ee037194ec0443::struggling::r1,C2_SFT_Llama::50ee037194ec0443::struggling::r1
C2_SFT_Llama,c46455f66de332c0,struggling,Medium,False,False,True,0.6375,0.75,0.5,1.0,0.5,0.625,0.0,c43c2b46f8e7cdea20f1c55865e727f2,False,False,3,5,dialogue_cell,c46455f66de332c0::struggling,1,True,"first scored row per (problem_id, profile); exact/resume duplicates dropped",0.6375000000000001,C2_SFT_Llama::c46455f66de332c0::struggling::r1,C2_SFT_Llama::c46455f66de332c0::struggling::r1
C2_SFT_Llama,64d97652f760858a,progressing,Medium,False,False,True,0.6375,0.75,0.5,1.0,0.5,0.625,0.0,9c26c98c29206a8ad977e50ef3afa058,False,False,3,3,dialogue_cell,64d97652f760858a::progressing,1,True,"first scored row per (problem_id, profile); exact/resume duplicates dropped",0.6375000000000001,C2_SFT_Llama::64d97652f760858a::progressing::r1,C2_SFT_Llama::64d97652f760858a::progressing::r1
C2_SFT_Llama,b6ce335d875f871b,progressing,Medium,False,False,True,0.6475,0.75,0.5,1.0,0.5,0.725,0.0,90186563b2f23ec52f83a32fb95f9fb0,False,False,5,6,dialogue_cell,b6ce335d875f871b::progressing,1,True,"first scored row per (problem_id, profile); exact/resume duplicates dropped",0.6475,C2_SFT_Llama::b6ce335d875f871b::progressing::r1,C2_SFT_Llama::b6ce335d875f871b::progressing::r1
C2_SFT_Llama,c275e3cce4ee8fcb,struggling,Medium,False,False,True,0.6975,0.75,0.5,1.0,0.5,0.725,0.5,4ba79edaa83c213b363be03e944fe50a,False,False,3,3,dialogue_cell,c275e3cce4ee8fcb::struggling,1,True,"first scored row per (problem_id, profile); exact/resume duplicates dropped",0.6975,C2_SFT_Llama::c275e3cce4ee8fcb::struggling::r1,C2_SFT_Llama::c275e3cce4ee8fcb::struggling::r1
C2_SFT_Llama,4f85613ff32ec2fb,progressing,Medium,False,False,True,0.6375,0.75,0.5,1.0,0.5,0.625,0.0,953b2d8c3361273c468908a716e03afd,False,False,3,3,dialogue_cell,4f85613ff32ec2fb::progressing,1,True,"first scored row per (problem_id, profile); exact/resume duplicates dropped",0.6375000000000001,C2_SFT_Llama::4f85613ff32ec2fb::progressing::r1,C2_SFT_Llama::4f85613ff32ec2fb::progressing::r1
C2_SFT_Llama,05b5db5d64d2d00d,advanced,Medium,False,False,True,0.7208333333333333,0.75,0.5,1.0,1.0,0.7083,0.0,9bc87170698922d1097390ee88bd7bc3,False,False,4,4,dialogue_cell,05b5db5d64d2d00d::advanced,1,True,"first scored row per (problem_id, profile); exact/resume duplicates dropped",0.7208300000000001,C2_SFT_Llama::05b5db5d64d2d00d::advanced::r1,C2_SFT_Llama::05b5db5d64d2d00d::advanced::r1
C2_SFT_Llama,d74c52a87e06166e,struggling,Medium,False,False,True,0.5708333333333333,0.75,0.5,1.0,0.0,0.7083,0.0,99fd750712565ac324e43b91f549615d,False,False,2,4,dialogue_cell,d74c52a87e06166e::struggling,1,True,"first scored row per (problem_id, profile); exact/resume duplicates dropped",0.5708300000000001,C2_SFT_Llama::d74c52a87e06166e::struggling::r1,C2_SFT_Llama::d74c52a87e06166e::struggling::r1
C2_SFT_Llama,2bbdc98e5efd30ec,progressing,Medium,False,False,True,0.6375,0.75,0.5,1.0,0.5,0.625,0.0,bd62c11d61b43e66b75b93dff764eda9,False,False,3,4,dialogue_cell,2bbdc98e5efd30ec::progressing,1,True,"first scored row per (problem_id, profile); exact/resume duplicates dropped",0.6375000000000001,C2_SFT_Llama::2bbdc98e5efd30ec::progressing::r1,C2_SFT_Llama::2bbdc98e5efd30ec::progressing::r1
C2_SFT_Llama,d28df8f7b843b4df,advanced,Medium,False,False,True,0.646875,0.75,0.5,1.0,0.5,0.7188,0.0,35c2cadc7d4a19f2aee7aff102e9b5ac,False,False,13,14,dialogue_cell,d28df8f7b843b4df::advanced,1,True,"first scored row per (problem_id, profile); exact/resume duplicates dropped",0.64688,C2_SFT_Llama::d28df8f7b843b4df::advanced::r1,C2_SFT_Llama::d28df8f7b843b4df::advanced::r1
C2_SFT_Llama,bfa26e430b44d5e6,progressing,Medium,False,False,True,0.6375,0.75,0.5,1.0,0.5,0.625,0.0,c8f53e9063ea8fa0f4180f8c6bfe8677,False,False,7,8,dialogue_cell,bfa26e430b44d5e6::progressing,1,True,"first scored row per (problem_id, profile); exact/resume duplicates dropped",0.6375000000000001,C2_SFT_Llama::bfa26e430b44d5e6::progressing::r1,C2_SFT_Llama::bfa26e430b44d5e6::progressing::r1
C2_SFT_Llama,c9fe583ec68ea08c,advanced,Medium,False,False,True,0.6437499999999999,0.75,0.5,1.0,0.5,0.6875,0.0,822a8c9bb2628000032e5dcaf87a020f,False,False,2,3,dialogue_cell,c9fe583ec68ea08c::advanced,1,True,"first scored row per (problem_id, profile); exact/resume duplicates dropped",0.64375,C2_SFT_Llama::c9fe583ec68ea08c::advanced::r1,C2_SFT_Llama::c9fe583ec68ea08c::advanced::r1
C2_SFT_Llama,f96abc956849b96f,progressing,Medium,False,False,True,0.646875,0.75,0.5,1.0,0.5,0.7188,0.0,65cb07009803520016ba80a0bd5ccec4,False,False,8,9,dialogue_cell,f96abc956849b96f::progressing,1,True,"first scored row per (problem_id, profile); exact/resume duplicates dropped",0.64688,C2_SFT_Llama::f96abc956849b96f::progressing::r1,C2_SFT_Llama::f96abc956849b96f::progressing::r1
C2_SFT_Llama,10eb3e3403369f81,struggling,Medium,False,False,True,0.6475,0.75,0.5,1.0,0.5,0.725,0.0,84d1cc3d791f89cb75615560a8f0c742,False,False,1,2,dialogue_cell,10eb3e3403369f81::struggling,1,True,"first scored row per (problem_id, profile); exact/resume duplicates dropped",0.6475,C2_SFT_Llama::10eb3e3403369f81::struggling::r1,C2_SFT_Llama::10eb3e3403369f81::struggling::r1
C2_SFT_Llama,6681b8e0f2abf7a9,progressing,Medium,False,False,True,0.6458333333333333,0.75,0.5,1.0,0.5,0.7083,0.0,dc76d3e508adf3b13fbeecd97b104fcc,False,False,11,11,dialogue_cell,6681b8e0f2abf7a9::progressing,1,True,"first scored row per (problem_id, profile); exact/resume duplicates dropped",0.64583,C2_SFT_Llama::6681b8e0f2abf7a9::progressing::r1,C2_SFT_Llama::6681b8e0f2abf7a9::progressing::r1
C2_SFT_Llama,93b264ffe7b26531,progressing,Medium,False,False,True,0.5725,0.75,0.5,1.0,0.0,0.725,0.0,f5c6d7130ff082f6ce87822a9f49d974,False,False,3,3,dialogue_cell,93b264ffe7b26531::progressing,1,True,"first scored row per (problem_id, profile); exact/resume duplicates dropped",0.5725,C2_SFT_Llama::93b264ffe7b26531::progressing::r1,C2_SFT_Llama::93b264ffe7b26531::progressing::r1
C2_SFT_Llama,67ab79f900374ccf,progressing,Medium,False,False,True,0.6375,0.75,0.5,1.0,0.5,0.625,0.0,ca3f1ca360bff5669d0160302d1aabe7,False,False,3,5,dialogue_cell,67ab79f900374ccf::progressing,1,True,"first scored row per (problem_id, profile); exact/resume duplicates dropped",0.6375000000000001,C2_SFT_Llama::67ab79f900374ccf::progressing::r1,C2_SFT_Llama::67ab79f900374ccf::progressing::r1
C2_SFT_Llama,2baf04e31d4e975c,progressing,Medium,False,False,True,0.6375,0.75,0.5,1.0,0.5,0.625,0.0,4a09e4a072c6acb3d99d6c09c9f97cb2,False,False,4,6,dialogue_cell,2baf04e31d4e975c::progressing,1,True,"first scored row per (problem_id, profile); exact/resume duplicates dropped",0.6375000000000001,C2_SFT_Llama::2baf04e31d4e975c::progressing::r1,C2_SFT_Llama::2baf04e31d4e975c::progressing::r1
C2_SFT_Llama,b5dd77cc4ccd0cca,progressing,Medium,False,False,True,0.6375,0.75,0.5,1.0,0.5,0.625,0.0,7c6ebc7bfce3160abada2a31b31d6ccb,False,False,7,7,dialogue_cell,b5dd77cc4ccd0cca::progressing,1,True,"first scored row per (problem_id, profile); exact/resume duplicates dropped",0.6375000000000001,C2_SFT_Llama::b5dd77cc4ccd0cca::progressing::r1,C2_SFT_Llama::b5dd77cc4ccd0cca::progressing::r1
C2_SFT_Llama,33128756c09a732c,struggling,Medium,False,False,True,0.6375,0.75,0.5,1.0,0.5,0.625,0.0,e57e78e16c29d9bd4072f7090ba604e8,False,False,2,4,dialogue_cell,33128756c09a732c::struggling,1,True,"first scored row per (problem_id, profile); exact/resume duplicates dropped",0.6375000000000001,C2_SFT_Llama::33128756c09a732c::struggling::r1,C2_SFT_Llama::33128756c09a732c::struggling::r1
C2_SFT_Llama,5d38ace0309450b4,struggling,Medium,False,False,True,0.6437499999999999,0.75,0.5,1.0,0.5,0.6875,0.0,5acf5a963ccc2b10168b5aa3f1d697a8,False,False,2,2,dialogue_cell,5d38ace0309450b4::struggling,1,True,"first scored row per (problem_id, profile); exact/resume duplicates dropped",0.64375,C2_SFT_Llama::5d38ace0309450b4::struggling::r1,C2_SFT_Llama::5d38ace0309450b4::struggling::r1
C2_SFT_Llama,16fedde94ff473d5,progressing,Medium,False,False,True,0.7374999999999999,0.75,0.5,1.0,0.5,0.625,1.0,b9ea3ef9776b5155eeb79d6ac81416fb,False,False,2,2,dialogue_cell,16fedde94ff473d5::progressing,1,True,"first scored row per (problem_id, profile); exact/resume duplicates dropped",0.7375,C2_SFT_Llama::16fedde94ff473d5::progressing::r1,C2_SFT_Llama::16fedde94ff473d5::progressing::r1
C2_SFT_Llama,2317c96029d4e41c,struggling,Medium,False,False,True,0.6375,0.75,0.5,1.0,0.5,0.625,0.0,a32ef6a84802805c2d361ec01bcb263a,False,False,1,1,dialogue_cell,2317c96029d4e41c::struggling,1,True,"first scored row per (problem_id, profile); exact/resume duplicates dropped",0.6375000000000001,C2_SFT_Llama::2317c96029d4e41c::struggling::r1,C2_SFT_Llama::2317c96029d4e41c::struggling::r1
C2_SFT_Llama,ed4cb4418932050a,struggling,Medium,False,False,True,0.6375,0.75,0.5,1.0,0.5,0.625,0.0,00785c9dab807e0f6dbe067e89bcc697,False,False,1,1,dialogue_cell,ed4cb4418932050a::struggling,1,True,"first scored row per (problem_id, profile); exact/resume duplicates dropped",0.6375000000000001,C2_SFT_Llama::ed4cb4418932050a::struggling::r1,C2_SFT_Llama::ed4cb4418932050a::struggling::r1
C2_SFT_Llama,c801a0da93a4310b,progressing,Medium,False,False,True,0.6375,0.75,0.5,1.0,0.5,0.625,0.0,68473c760dd561b9a33511c11b4561f2,False,False,4,6,dialogue_cell,c801a0da93a4310b::progressing,1,True,"first scored row per (problem_id, profile); exact/resume duplicates dropped",0.6375000000000001,C2_SFT_Llama::c801a0da93a4310b::progressing::r1,C2_SFT_Llama::c801a0da93a4310b::progressing::r1
C2_SFT_Llama,61866b9fa3d86067,struggling,Medium,False,False,True,0.6375,0.75,0.5,1.0,0.5,0.625,0.0,8943ec8c5a9bbe151e64a9d8c8cdd3b7,False,False,3,3,dialogue_cell,61866b9fa3d86067::struggling,1,True,"first scored row per (problem_id, profile); exact/resume duplicates dropped",0.6375000000000001,C2_SFT_Llama::61866b9fa3d86067::struggling::r1,C2_SFT_Llama::61866b9fa3d86067::struggling::r1
C2_SFT_Llama,1378e7f5baeb8e25,progressing,Medium,False,False,True,0.6375,0.75,0.5,1.0,0.5,0.625,0.0,ec78637e3da1dfefa4c8e2a3866f4a2b,False,False,1,1,dialogue_cell,1378e7f5baeb8e25::progressing,1,True,"first scored row per (problem_id, profile); exact/resume duplicates dropped",0.6375000000000001,C2_SFT_Llama::1378e7f5baeb8e25::progressing::r1,C2_SFT_Llama::1378e7f5baeb8e25::progressing::r1
C2_SFT_Llama,817cd01402b580a2,struggling,Medium,False,False,True,0.6375,0.75,0.5,1.0,0.5,0.625,0.0,c2fa118d74a4733769c24c7d913be677,False,False,4,6,dialogue_cell,817cd01402b580a2::struggling,1,True,"first scored row per (problem_id, profile); exact/resume duplicates dropped",0.6375000000000001,C2_SFT_Llama::817cd01402b580a2::struggling::r1,C2_SFT_Llama::817cd01402b580a2::struggling::r1
C2_SFT_Llama,0f494281748adc02,struggling,Medium,False,False,True,0.6475,0.75,0.5,1.0,0.5,0.725,0.0,581f92626013d4ec46f19e4595f1e70c,False,False,5,5,dialogue_cell,0f494281748adc02::struggling,1,True,"first scored row per (problem_id, profile); exact/resume duplicates dropped",0.6475,C2_SFT_Llama::0f494281748adc02::struggling::r1,C2_SFT_Llama::0f494281748adc02::struggling::r1
C2_SFT_Llama,21f5516f730392ff,progressing,Medium,False,False,True,0.6475,0.75,0.5,1.0,0.5,0.725,0.0,1b1904a9981c29b9cda2c869f3d06666,False,False,3,3,dialogue_cell,21f5516f730392ff::progressing,1,True,"first scored row per (problem_id, profile); exact/resume duplicates dropped",0.6475,C2_SFT_Llama::21f5516f730392ff::progressing::r1,C2_SFT_Llama::21f5516f730392ff::progressing::r1
C2_SFT_Llama,1cb038acd8334624,progressing,Medium,False,False,True,0.5708333333333333,0.75,0.5,1.0,0.0,0.7083,0.0,2b48054afb67b1f0a6529423de85159f,False,False,5,5,dialogue_cell,1cb038acd8334624::progressing,1,True,"first scored row per (problem_id, profile); exact/resume duplicates dropped",0.5708300000000001,C2_SFT_Llama::1cb038acd8334624::progressing::r1,C2_SFT_Llama::1cb038acd8334624::progressing::r1
C2_SFT_Llama,cd592c7656042969,progressing,Medium,False,False,True,0.6375,0.75,0.5,1.0,0.5,0.625,0.0,5eff976c1fb34ad7c26ac0af28e6e922,False,False,5,6,dialogue_cell,cd592c7656042969::progressing,1,True,"first scored row per (problem_id, profile); exact/resume duplicates dropped",0.6375000000000001,C2_SFT_Llama::cd592c7656042969::progressing::r1,C2_SFT_Llama::cd592c7656042969::progressing::r1
C2_SFT_Llama,d359a2adf29f597e,progressing,Medium,False,False,True,0.646875,0.75,0.5,1.0,0.5,0.7188,0.0,852ad2ee25720cc86d3478a26a479843,False,False,5,5,dialogue_cell,d359a2adf29f597e::progressing,1,True,"first scored row per (problem_id, profile); exact/resume duplicates dropped",0.64688,C2_SFT_Llama::d359a2adf29f597e::progressing::r1,C2_SFT_Llama::d359a2adf29f597e::progressing::r1
C2_SFT_Llama,317f53c00121a020,progressing,Medium,False,False,True,0.6375,0.75,0.5,1.0,0.5,0.625,0.0,3273b2372b9ada40564118720d9f0bfe,False,False,1,2,dialogue_cell,317f53c00121a020::progressing,1,True,"first scored row per (problem_id, profile); exact/resume duplicates dropped",0.6375000000000001,C2_SFT_Llama::317f53c00121a020::progressing::r1,C2_SFT_Llama::317f53c00121a020::progressing::r1
C2_SFT_Llama,f76b8a5a42d5cc49,struggling,Medium,False,False,True,0.6375,0.75,0.5,1.0,0.5,0.625,0.0,1c0a719e8a97448b60a7dc179a7f52f1,False,False,1,1,dialogue_cell,f76b8a5a42d5cc49::struggling,1,True,"first scored row per (problem_id, profile); exact/resume duplicates dropped",0.6375000000000001,C2_SFT_Llama::f76b8a5a42d5cc49::struggling::r1,C2_SFT_Llama::f76b8a5a42d5cc49::struggling::r1
C2_SFT_Llama,d08bed33a30751e1,progressing,Medium,False,False,True,0.6375,0.75,0.5,1.0,0.5,0.625,0.0,4afdc2c906f7c7aa8b6521b1e29a52b5,False,False,1,4,dialogue_cell,d08bed33a30751e1::progressing,1,True,"first scored row per (problem_id, profile); exact/resume duplicates dropped",0.6375000000000001,C2_SFT_Llama::d08bed33a30751e1::progressing::r1,C2_SFT_Llama::d08bed33a30751e1::progressing::r1
C2_SFT_Llama,0d013576520fcd06,struggling,Medium,False,False,True,0.6225,0.75,0.5,1.0,0.0,0.725,0.5,344c6f6e969f2d77799b7d96b19f7310,False,False,2,2,dialogue_cell,0d013576520fcd06::struggling,1,True,"first scored row per (problem_id, profile); exact/resume duplicates dropped",0.6225,C2_SFT_Llama::0d013576520fcd06::struggling::r1,C2_SFT_Llama::0d013576520fcd06::struggling::r1
C2_SFT_Llama,fadc4cba89b797ac,progressing,Medium,False,False,True,0.6458333333333333,0.75,0.5,1.0,0.5,0.7083,0.0,716347600fa2edc641e4cada29a90de3,False,False,4,4,dialogue_cell,fadc4cba89b797ac::progressing,1,True,"first scored row per (problem_id, profile); exact/resume duplicates dropped",0.64583,C2_SFT_Llama::fadc4cba89b797ac::progressing::r1,C2_SFT_Llama::fadc4cba89b797ac::progressing::r1
C2_SFT_Llama,798a745298c85d2f,progressing,Medium,False,False,True,0.6375,0.75,0.5,1.0,0.5,0.625,0.0,0e517b350c7e38cf0751f3b05445d556,False,False,6,7,dialogue_cell,798a745298c85d2f::progressing,1,True,"first scored row per (problem_id, profile); exact/resume duplicates dropped",0.6375000000000001,C2_SFT_Llama::798a745298c85d2f::progressing::r1,C2_SFT_Llama::798a745298c85d2f::progressing::r1
C2_SFT_Llama,0f850165b922a0be,progressing,Medium,False,False,True,0.6437499999999999,0.75,0.5,1.0,0.5,0.6875,0.0,322ed4f16024def453e7b110fce09355,False,False,2,2,dialogue_cell,0f850165b922a0be::progressing,1,True,"first scored row per (problem_id, profile); exact/resume duplicates dropped",0.64375,C2_SFT_Llama::0f850165b922a0be::progressing::r1,C2_SFT_Llama::0f850165b922a0be::progressing::r1
C2_SFT_Llama,559cf0c98c602f79,progressing,Medium,False,False,True,0.6475,0.75,0.5,1.0,0.5,0.725,0.0,e9e08567e64499f1508de307bf8a6f60,False,False,2,2,dialogue_cell,559cf0c98c602f79::progressing,1,True,"first scored row per (problem_id, profile); exact/resume duplicates dropped",0.6475,C2_SFT_Llama::559cf0c98c602f79::progressing::r1,C2_SFT_Llama::559cf0c98c602f79::progressing::r1
C2_SFT_Llama,6710fc83e60aca75,progressing,Medium,False,False,True,0.6458333333333333,0.75,0.5,1.0,0.5,0.7083,0.0,342b0609bedad573c61d73a10dba1f18,False,False,5,7,dialogue_cell,6710fc83e60aca75::progressing,1,True,"first scored row per (problem_id, profile); exact/resume duplicates dropped",0.64583,C2_SFT_Llama::6710fc83e60aca75::progressing::r1,C2_SFT_Llama::6710fc83e60aca75::progressing::r1
C2_SFT_Llama,336b088daff70c60,progressing,Medium,False,False,True,0.6475,0.75,0.5,1.0,0.5,0.725,0.0,f59af72da9893b9bebbc02a280c3f84e,False,False,6,6,dialogue_cell,336b088daff70c60::progressing,1,True,"first scored row per (problem_id, profile); exact/resume duplicates dropped",0.6475,C2_SFT_Llama::336b088daff70c60::progressing::r1,C2_SFT_Llama::336b088daff70c60::progressing::r1
C2_SFT_Llama,5553251d23b75354,progressing,Medium,False,False,True,0.6375,0.75,0.5,1.0,0.5,0.625,0.0,52fb06fed4f10c99a3858c67f91d4e36,False,False,1,2,dialogue_cell,5553251d23b75354::progressing,1,True,"first scored row per (problem_id, profile); exact/resume duplicates dropped",0.6375000000000001,C2_SFT_Llama::5553251d23b75354::progressing::r1,C2_SFT_Llama::5553251d23b75354::progressing::r1
C2_SFT_Llama,b5f82fe7beb2c711,progressing,Medium,False,False,True,0.6375,0.75,0.5,1.0,0.5,0.625,0.0,187788f250cc06787435946c41f78c5a,False,False,1,3,dialogue_cell,b5f82fe7beb2c711::progressing,1,True,"first scored row per (problem_id, profile); exact/resume duplicates dropped",0.6375000000000001,C2_SFT_Llama::b5f82fe7beb2c711::progressing::r1,C2_SFT_Llama::b5f82fe7beb2c711::progressing::r1
C2_SFT_Llama,8e7f2ec3fb783495,struggling,Medium,False,False,True,0.6375,0.75,0.5,1.0,0.5,0.625,0.0,242c90835fa3ddce56c995e59006a50b,False,False,3,3,dialogue_cell,8e7f2ec3fb783495::struggling,1,True,"first scored row per (problem_id, profile); exact/resume duplicates dropped",0.6375000000000001,C2_SFT_Llama::8e7f2ec3fb783495::struggling::r1,C2_SFT_Llama::8e7f2ec3fb783495::struggling::r1
C2_SFT_Llama,f6bcf679f3018443,advanced,Medium,False,False,True,0.5725,0.75,0.5,1.0,0.0,0.725,0.0,eea35349da2cfe0d29f731bde65109b8,False,False,2,2,dialogue_cell,f6bcf679f3018443::advanced,1,True,"first scored row per (problem_id, profile); exact/resume duplicates dropped",0.5725,C2_SFT_Llama::f6bcf679f3018443::advanced::r1,C2_SFT_Llama::f6bcf679f3018443::advanced::r1
C2_SFT_Llama,0c68e6790fdc8212,struggling,Medium,False,False,True,0.66875,0.75,0.5,1.0,0.0,0.6875,1.0,c5169faa9fe136dcea65be69e1051a66,False,False,2,3,dialogue_cell,0c68e6790fdc8212::struggling,1,True,"first scored row per (problem_id, profile); exact/resume duplicates dropped",0.6687500000000001,C2_SFT_Llama::0c68e6790fdc8212::struggling::r1,C2_SFT_Llama::0c68e6790fdc8212::struggling::r1
C2_SFT_Llama,e8c1a0f1c5af91d6,progressing,Medium,False,False,True,0.6875,0.75,0.5,1.0,0.5,0.625,0.5,dd32f9818d8f2e4f0fe2c329fdd09cc8,False,False,1,3,dialogue_cell,e8c1a0f1c5af91d6::progressing,1,True,"first scored row per (problem_id, profile); exact/resume duplicates dropped",0.6875,C2_SFT_Llama::e8c1a0f1c5af91d6::progressing::r1,C2_SFT_Llama::e8c1a0f1c5af91d6::progressing::r1
C2_SFT_Llama,e620cb6132a98963,progressing,Medium,False,False,True,0.5708333333333333,0.75,0.5,1.0,0.0,0.7083,0.0,fadad6538fca1a2213127e6651bc05b3,False,False,1,1,dialogue_cell,e620cb6132a98963::progressing,1,True,"first scored row per (problem_id, profile); exact/resume duplicates dropped",0.5708300000000001,C2_SFT_Llama::e620cb6132a98963::progressing::r1,C2_SFT_Llama::e620cb6132a98963::progressing::r1
C2_SFT_Llama,0f566f93cd97b42d,struggling,Medium,False,False,True,0.5708333333333333,0.75,0.5,1.0,0.0,0.7083,0.0,5edf08b9826b00fe1ae48d6c39dcc115,False,False,1,1,dialogue_cell,0f566f93cd97b42d::struggling,1,True,"first scored row per (problem_id, profile); exact/resume duplicates dropped",0.5708300000000001,C2_SFT_Llama::0f566f93cd97b42d::struggling::r1,C2_SFT_Llama::0f566f93cd97b42d::struggling::r1
C2_SFT_Llama,ff88119b1c60af9f,struggling,Medium,False,False,True,0.6375,0.75,0.5,1.0,0.5,0.625,0.0,4c7b285f79de71f7ee1ee7e320e579d5,False,False,2,2,dialogue_cell,ff88119b1c60af9f::struggling,1,True,"first scored row per (problem_id, profile); exact/resume duplicates dropped",0.6375000000000001,C2_SFT_Llama::ff88119b1c60af9f::struggling::r1,C2_SFT_Llama::ff88119b1c60af9f::struggling::r1
C2_SFT_Llama,b8ef5dec533b9ddb,struggling,Medium,False,False,True,0.6437499999999999,0.75,0.5,1.0,0.5,0.6875,0.0,05baf97f5e06234f24e43326c8d001c2,False,False,2,2,dialogue_cell,b8ef5dec533b9ddb::struggling,1,True,"first scored row per (problem_id, profile); exact/resume duplicates dropped",0.64375,C2_SFT_Llama::b8ef5dec533b9ddb::struggling::r1,C2_SFT_Llama::b8ef5dec533b9ddb::struggling::r1
C2_SFT_Llama,844d7a1768c19756,progressing,Medium,False,False,True,0.6437499999999999,0.75,0.5,1.0,0.5,0.6875,0.0,f26e9cf5f32cf906666dff3d29efac6a,False,False,1,1,dialogue_cell,844d7a1768c19756::progressing,1,True,"first scored row per (problem_id, profile); exact/resume duplicates dropped",0.64375,C2_SFT_Llama::844d7a1768c19756::progressing::r1,C2_SFT_Llama::844d7a1768c19756::progressing::r1
C2_SFT_Llama,4b7297b47da8c4f1,progressing,Medium,False,False,True,0.56875,0.75,0.5,1.0,0.0,0.6875,0.0,9d57ccecfb69713c341e2aeb4d6ce84e,False,False,2,2,dialogue_cell,4b7297b47da8c4f1::progressing,1,True,"first scored row per (problem_id, profile); exact/resume duplicates dropped",0.5687500000000001,C2_SFT_Llama::4b7297b47da8c4f1::progressing::r1,C2_SFT_Llama::4b7297b47da8c4f1::progressing::r1
C2_SFT_Llama,16e73d98795fa5a5,struggling,Medium,False,False,True,0.6458333333333333,0.75,0.5,1.0,0.5,0.7083,0.0,50d2efb34efc76c80f46936f73f623dc,False,False,2,2,dialogue_cell,16e73d98795fa5a5::struggling,1,True,"first scored row per (problem_id, profile); exact/resume duplicates dropped",0.64583,C2_SFT_Llama::16e73d98795fa5a5::struggling::r1,C2_SFT_Llama::16e73d98795fa5a5::struggling::r1
C2_SFT_Llama,519cbd562303ff33,progressing,Medium,False,False,True,0.6475,0.75,0.5,1.0,0.5,0.725,0.0,78b9bd7a27e86d05c958314ed33fc304,False,False,3,3,dialogue_cell,519cbd562303ff33::progressing,1,True,"first scored row per (problem_id, profile); exact/resume duplicates dropped",0.6475,C2_SFT_Llama::519cbd562303ff33::progressing::r1,C2_SFT_Llama::519cbd562303ff33::progressing::r1
C2_SFT_Llama,a1f3645b566caee6,progressing,Medium,False,False,True,0.56875,0.75,0.5,1.0,0.0,0.6875,0.0,c60f4bf65697189cecf54bc7227e283e,False,False,1,1,dialogue_cell,a1f3645b566caee6::progressing,1,True,"first scored row per (problem_id, profile); exact/resume duplicates dropped",0.5687500000000001,C2_SFT_Llama::a1f3645b566caee6::progressing::r1,C2_SFT_Llama::a1f3645b566caee6::progressing::r1
C2_SFT_Llama,07cde4e475a98b4b,progressing,Medium,False,False,True,0.5708333333333333,0.75,0.5,1.0,0.0,0.7083,0.0,a580494b02a5f43e3ae67b6431241356,False,False,6,6,dialogue_cell,07cde4e475a98b4b::progressing,1,True,"first scored row per (problem_id, profile); exact/resume duplicates dropped",0.5708300000000001,C2_SFT_Llama::07cde4e475a98b4b::progressing::r1,C2_SFT_Llama::07cde4e475a98b4b::progressing::r1
C2_SFT_Llama,864f519a36d4b3b7,progressing,Medium,False,False,True,0.7437499999999999,0.75,0.5,1.0,0.5,0.6875,1.0,87650413d6b804fc090fe900d588f740,False,False,1,1,dialogue_cell,864f519a36d4b3b7::progressing,1,True,"first scored row per (problem_id, profile); exact/resume duplicates dropped",0.74375,C2_SFT_Llama::864f519a36d4b3b7::progressing::r1,C2_SFT_Llama::864f519a36d4b3b7::progressing::r1
C2_SFT_Llama,8c56dabc14884267,struggling,Medium,False,False,True,0.6475,0.75,0.5,1.0,0.5,0.725,0.0,0092de4794e21ebfe349ea8f09c72234,False,False,1,1,dialogue_cell,8c56dabc14884267::struggling,1,True,"first scored row per (problem_id, profile); exact/resume duplicates dropped",0.6475,C2_SFT_Llama::8c56dabc14884267::struggling::r1,C2_SFT_Llama::8c56dabc14884267::struggling::r1
C2_SFT_Llama,2fd653295b74e324,progressing,Medium,False,False,True,0.6225,0.75,0.5,1.0,0.0,0.725,0.5,467720755f14d86023c2c1353242c56a,False,False,1,1,dialogue_cell,2fd653295b74e324::progressing,1,True,"first scored row per (problem_id, profile); exact/resume duplicates dropped",0.6225,C2_SFT_Llama::2fd653295b74e324::progressing::r1,C2_SFT_Llama::2fd653295b74e324::progressing::r1
C2_SFT_Llama,188e895187f23c9a,progressing,Medium,False,False,True,0.6225,0.75,0.5,1.0,0.0,0.725,0.5,75dccae8c84f4574e18615ea43d1c4fa,False,False,1,1,dialogue_cell,188e895187f23c9a::progressing,1,True,"first scored row per (problem_id, profile); exact/resume duplicates dropped",0.6225,C2_SFT_Llama::188e895187f23c9a::progressing::r1,C2_SFT_Llama::188e895187f23c9a::progressing::r1
C2_SFT_Llama,6ce8a71d11347024,advanced,Medium,False,False,True,0.6225,0.75,0.5,1.0,0.0,0.725,0.5,29db571054e1e59c640c75d98b1b09ec,False,False,1,1,dialogue_cell,6ce8a71d11347024::advanced,1,True,"first scored row per (problem_id, profile); exact/resume duplicates dropped",0.6225,C2_SFT_Llama::6ce8a71d11347024::advanced::r1,C2_SFT_Llama::6ce8a71d11347024::advanced::r1
C2_SFT_Llama,64dfad66336d7e34,struggling,Medium,False,False,True,0.6425000000000001,0.75,0.6,1.0,0.0,0.725,0.5,20e816f7a1a0d73aad7c817b9013b471,False,False,1,1,dialogue_cell,64dfad66336d7e34::struggling,1,True,"first scored row per (problem_id, profile); exact/resume duplicates dropped",0.6425000000000001,C2_SFT_Llama::64dfad66336d7e34::struggling::r1,C2_SFT_Llama::64dfad66336d7e34::struggling::r1
C2_SFT_Llama,6678d2453d317c17,struggling,Medium,False,False,True,0.6425000000000001,0.75,0.6,1.0,0.0,0.725,0.5,c4f7fb1749838e42280758b5bf9aafe1,False,False,1,1,dialogue_cell,6678d2453d317c17::struggling,1,True,"first scored row per (problem_id, profile); exact/resume duplicates dropped",0.6425000000000001,C2_SFT_Llama::6678d2453d317c17::struggling::r1,C2_SFT_Llama::6678d2453d317c17::struggling::r1
C2_SFT_Llama,de5a699aca767e77,progressing,Medium,False,False,True,0.6975,0.75,0.5,1.0,0.5,0.725,0.5,c4764ce8dd69195dce132fbef0989b80,False,False,1,1,dialogue_cell,de5a699aca767e77::progressing,1,True,"first scored row per (problem_id, profile); exact/resume duplicates dropped",0.6975,C2_SFT_Llama::de5a699aca767e77::progressing::r1,C2_SFT_Llama::de5a699aca767e77::progressing::r1
C2_SFT_Llama,b88f14247d3f53b9,progressing,Medium,False,False,True,0.6975,0.75,0.5,1.0,0.5,0.725,0.5,4de22cb9b1f1c76c59e57cf2b0f173b7,False,False,1,1,dialogue_cell,b88f14247d3f53b9::progressing,1,True,"first scored row per (problem_id, profile); exact/resume duplicates dropped",0.6975,C2_SFT_Llama::b88f14247d3f53b9::progressing::r1,C2_SFT_Llama::b88f14247d3f53b9::progressing::r1
C3_DPO_Llama,dc1b264fc4aefafb,struggling,Medium,False,False,True,0.4987499999999999,0.5,0.25,0.9,0.0,0.7375,0.5,81c618b2b5bd00c9db3750c990fa8a63,False,False,1,1,dialogue_cell,dc1b264fc4aefafb::struggling,1,True,"first scored row per (problem_id, profile); exact/resume duplicates dropped",0.49875,C3_DPO_Llama::dc1b264fc4aefafb::struggling::r1,C3_DPO_Llama::dc1b264fc4aefafb::struggling::r1
C3_DPO_Llama,c46455f66de332c0,progressing,Medium,False,False,True,0.4987499999999999,0.5,0.25,0.9,0.0,0.7375,0.5,fecea3db600d7f795963b650f0cb3e7f,False,False,1,1,dialogue_cell,c46455f66de332c0::progressing,1,True,"first scored row per (problem_id, profile); exact/resume duplicates dropped",0.49875,C3_DPO_Llama::c46455f66de332c0::progressing::r1,C3_DPO_Llama::c46455f66de332c0::progressing::r1
C3_DPO_Llama,3af5503ad498c930,struggling,Medium,False,False,True,0.4987499999999999,0.5,0.25,0.9,0.0,0.7375,0.5,bb788bd2d3dc7755d9cd6236ef3738b4,False,False,1,1,dialogue_cell,3af5503ad498c930::struggling,1,True,"first scored row per (problem_id, profile); exact/resume duplicates dropped",0.49875,C3_DPO_Llama::3af5503ad498c930::struggling::r1,C3_DPO_Llama::3af5503ad498c930::struggling::r1
C3_DPO_Llama,786a70bb2d54eaae,advanced,Medium,False,False,True,0.4987499999999999,0.5,0.25,0.9,0.0,0.7375,0.5,1e0bf5b4e7fb85cb95a4c9ebf181e4c4,False,False,1,3,dialogue_cell,786a70bb2d54eaae::advanced,1,True,"first scored row per (problem_id, profile); exact/resume duplicates dropped",0.49875,C3_DPO_Llama::786a70bb2d54eaae::advanced::r1,C3_DPO_Llama::786a70bb2d54eaae::advanced::r1
C3_DPO_Llama,6681b8e0f2abf7a9,progressing,Medium,False,False,True,0.4987499999999999,0.5,0.25,0.9,0.0,0.7375,0.5,f24d61b7712344e5956135d6124326f4,False,False,8,9,dialogue_cell,6681b8e0f2abf7a9::progressing,1,True,"first scored row per (problem_id, profile); exact/resume duplicates dropped",0.49875,C3_DPO_Llama::6681b8e0f2abf7a9::progressing::r1,C3_DPO_Llama::6681b8e0f2abf7a9::progressing::r1
C3_DPO_Llama,c801a0da93a4310b,struggling,Medium,False,False,True,0.4987499999999999,0.5,0.25,0.9,0.0,0.7375,0.5,fcd858209672bf121e71134d04262157,False,False,1,1,dialogue_cell,c801a0da93a4310b::struggling,1,True,"first scored row per (problem_id, profile); exact/resume duplicates dropped",0.49875,C3_DPO_Llama::c801a0da93a4310b::struggling::r1,C3_DPO_Llama::c801a0da93a4310b::struggling::r1
C3_DPO_Llama,a02a9dd44a028b48,progressing,Medium,False,False,True,0.4987499999999999,0.5,0.25,0.9,0.0,0.7375,0.5,635ae5882defa0752bdd8ef97f5f6279,False,False,1,1,dialogue_cell,a02a9dd44a028b48::progressing,1,True,"first scored row per (problem_id, profile); exact/resume duplicates dropped",0.49875,C3_DPO_Llama::a02a9dd44a028b48::progressing::r1,C3_DPO_Llama::a02a9dd44a028b48::progressing::r1
C3_DPO_Llama,33128756c09a732c,progressing,Medium,False,False,True,0.4987499999999999,0.5,0.25,0.9,0.0,0.7375,0.5,3beee1edc1d0751b6e6b838561d221f1,False,False,1,1,dialogue_cell,33128756c09a732c::progressing,1,True,"first scored row per (problem_id, profile); exact/resume duplicates dropped",0.49875,C3_DPO_Llama::33128756c09a732c::progressing::r1,C3_DPO_Llama::33128756c09a732c::progressing::r1
C3_DPO_Llama,f96abc956849b96f,progressing,Medium,False,False,True,0.4987499999999999,0.5,0.25,0.9,0.0,0.7375,0.5,525383c6d67952bb425fd18c4a883e66,False,False,1,1,dialogue_cell,f96abc956849b96f::progressing,1,True,"first scored row per (problem_id, profile); exact/resume duplicates dropped",0.49875,C3_DPO_Llama::f96abc956849b96f::progressing::r1,C3_DPO_Llama::f96abc956849b96f::progressing::r1
C3_DPO_Llama,d08bed33a30751e1,struggling,Medium,False,False,True,0.4987499999999999,0.5,0.25,0.9,0.0,0.7375,0.5,e23671d376f50cef8102b546ec9fc4e7,False,False,1,1,dialogue_cell,d08bed33a30751e1::struggling,1,True,"first scored row per (problem_id, profile); exact/resume duplicates dropped",0.49875,C3_DPO_Llama::d08bed33a30751e1::struggling::r1,C3_DPO_Llama::d08bed33a30751e1::struggling::r1
C3_DPO_Llama,b41cc7b74e66b597,advanced,Medium,False,False,True,0.4987499999999999,0.5,0.25,0.9,0.0,0.7375,0.5,784324289e9aa2964819f5a96661a113,False,False,1,1,dialogue_cell,b41cc7b74e66b597::advanced,1,True,"first scored row per (problem_id, profile); exact/resume duplicates dropped",0.49875,C3_DPO_Llama::b41cc7b74e66b597::advanced::r1,C3_DPO_Llama::b41cc7b74e66b597::advanced::r1
C3_DPO_Llama,5553251d23b75354,progressing,Medium,False,False,True,0.4987499999999999,0.5,0.25,0.9,0.0,0.7375,0.5,a86bfe60dcbd9e582746d573d41dad21,False,False,1,1,dialogue_cell,5553251d23b75354::progressing,1,True,"first scored row per (problem_id, profile); exact/resume duplicates dropped",0.49875,C3_DPO_Llama::5553251d23b75354::progressing::r1,C3_DPO_Llama::5553251d23b75354::progressing::r1
C3_DPO_Llama,d28df8f7b843b4df,advanced,Medium,False,False,True,0.4987499999999999,0.5,0.25,0.9,0.0,0.7375,0.5,a10b4befcc89f7559fd5c8ba2a07c5ad,False,False,1,1,dialogue_cell,d28df8f7b843b4df::advanced,1,True,"first scored row per (problem_id, profile); exact/resume duplicates dropped",0.49875,C3_DPO_Llama::d28df8f7b843b4df::advanced::r1,C3_DPO_Llama::d28df8f7b843b4df::advanced::r1
C3_DPO_Llama,b5f82fe7beb2c711,progressing,Medium,False,False,True,0.4987499999999999,0.5,0.25,0.9,0.0,0.7375,0.5,db7745c7981c8202c168240fceda7091,False,False,6,6,dialogue_cell,b5f82fe7beb2c711::progressing,1,True,"first scored row per (problem_id, profile); exact/resume duplicates dropped",0.49875,C3_DPO_Llama::b5f82fe7beb2c711::progressing::r1,C3_DPO_Llama::b5f82fe7beb2c711::progressing::r1
C3_DPO_Llama,0f566f93cd97b42d,struggling,Medium,False,False,True,0.4987499999999999,0.5,0.25,0.9,0.0,0.7375,0.5,d1f80c78b85cab7103adfdcea6fd14bc,False,False,1,1,dialogue_cell,0f566f93cd97b42d::struggling,1,True,"first scored row per (problem_id, profile); exact/resume duplicates dropped",0.49875,C3_DPO_Llama::0f566f93cd97b42d::struggling::r1,C3_DPO_Llama::0f566f93cd97b42d::struggling::r1
C3_DPO_Llama,50ee037194ec0443,progressing,Medium,False,False,True,0.4987499999999999,0.5,0.25,0.9,0.0,0.7375,0.5,56e375de81f3e4f1e167eda5d754769c,False,False,1,1,dialogue_cell,50ee037194ec0443::progressing,1,True,"first scored row per (problem_id, profile); exact/resume duplicates dropped",0.49875,C3_DPO_Llama::50ee037194ec0443::progressing::r1,C3_DPO_Llama::50ee037194ec0443::progressing::r1
C3_DPO_Llama,bfa26e430b44d5e6,struggling,Medium,False,False,True,0.4987499999999999,0.5,0.25,0.9,0.0,0.7375,0.5,a4885085348dcffa19cbeb4eb962a89e,False,False,4,4,dialogue_cell,bfa26e430b44d5e6::struggling,1,True,"first scored row per (problem_id, profile); exact/resume duplicates dropped",0.49875,C3_DPO_Llama::bfa26e430b44d5e6::struggling::r1,C3_DPO_Llama::bfa26e430b44d5e6::struggling::r1
C3_DPO_Llama,5d38ace0309450b4,struggling,Medium,False,False,True,0.4987499999999999,0.5,0.25,0.9,0.0,0.7375,0.5,e18664f0650b07f8804857d3999828dd,False,False,4,4,dialogue_cell,5d38ace0309450b4::struggling,1,True,"first scored row per (problem_id, profile); exact/resume duplicates dropped",0.49875,C3_DPO_Llama::5d38ace0309450b4::struggling::r1,C3_DPO_Llama::5d38ace0309450b4::struggling::r1
C3_DPO_Llama,0f494281748adc02,advanced,Medium,False,False,True,0.4987499999999999,0.5,0.25,0.9,0.0,0.7375,0.5,acd462b44f7b4ef467eb343b9a893e5b,False,False,7,7,dialogue_cell,0f494281748adc02::advanced,1,True,"first scored row per (problem_id, profile); exact/resume duplicates dropped",0.49875,C3_DPO_Llama::0f494281748adc02::advanced::r1,C3_DPO_Llama::0f494281748adc02::advanced::r1
C3_DPO_Llama,336b088daff70c60,struggling,Medium,False,False,True,0.4987499999999999,0.5,0.25,0.9,0.0,0.7375,0.5,02c5646e5ed29267d8ee1e3e0e9d9c11,False,False,1,1,dialogue_cell,336b088daff70c60::struggling,1,True,"first scored row per (problem_id, profile); exact/resume duplicates dropped",0.49875,C3_DPO_Llama::336b088daff70c60::struggling::r1,C3_DPO_Llama::336b088daff70c60::struggling::r1
C3_DPO_Llama,05b5db5d64d2d00d,struggling,Medium,False,False,True,0.4987499999999999,0.5,0.25,0.9,0.0,0.7375,0.5,c9c04cdeae6f55fac81517f372c02eba,False,False,1,1,dialogue_cell,05b5db5d64d2d00d::struggling,1,True,"first scored row per (problem_id, profile); exact/resume duplicates dropped",0.49875,C3_DPO_Llama::05b5db5d64d2d00d::struggling::r1,C3_DPO_Llama::05b5db5d64d2d00d::struggling::r1
C3_DPO_Llama,2bbdc98e5efd30ec,progressing,Medium,False,False,True,0.4987499999999999,0.5,0.25,0.9,0.0,0.7375,0.5,30354388337e9234d23f13cdb9ca597e,False,False,1,1,dialogue_cell,2bbdc98e5efd30ec::progressing,1,True,"first scored row per (problem_id, profile); exact/resume duplicates dropped",0.49875,C3_DPO_Llama::2bbdc98e5efd30ec::progressing::r1,C3_DPO_Llama::2bbdc98e5efd30ec::progressing::r1
C3_DPO_Llama,0c68e6790fdc8212,progressing,Medium,False,False,True,0.4987499999999999,0.5,0.25,0.9,0.0,0.7375,0.5,26bb093c29b39e1413d0ba8e8dfd8db8,False,False,4,4,dialogue_cell,0c68e6790fdc8212::progressing,1,True,"first scored row per (problem_id, profile); exact/resume duplicates dropped",0.49875,C3_DPO_Llama::0c68e6790fdc8212::progressing::r1,C3_DPO_Llama::0c68e6790fdc8212::progressing::r1
C3_DPO_Llama,817cd01402b580a2,struggling,Medium,False,False,True,0.4987499999999999,0.5,0.25,0.9,0.0,0.7375,0.5,d0b9865190b2732f143a74cb6f76734f,False,False,1,1,dialogue_cell,817cd01402b580a2::struggling,1,True,"first scored row per (problem_id, profile); exact/resume duplicates dropped",0.49875,C3_DPO_Llama::817cd01402b580a2::struggling::r1,C3_DPO_Llama::817cd01402b580a2::struggling::r1
C3_DPO_Llama,fecc3d4d9ba43ef7,progressing,Medium,False,False,True,0.4987499999999999,0.5,0.25,0.9,0.0,0.7375,0.5,1da7359bcd4c76853814923707981cc1,False,False,1,1,dialogue_cell,fecc3d4d9ba43ef7::progressing,1,True,"first scored row per (problem_id, profile); exact/resume duplicates dropped",0.49875,C3_DPO_Llama::fecc3d4d9ba43ef7::progressing::r1,C3_DPO_Llama::fecc3d4d9ba43ef7::progressing::r1
C3_DPO_Llama,8e7f2ec3fb783495,progressing,Medium,False,False,True,0.4987499999999999,0.5,0.25,0.9,0.0,0.7375,0.5,893ed2690dce11556e621aa4a7bb8761,False,False,1,1,dialogue_cell,8e7f2ec3fb783495::progressing,1,True,"first scored row per (problem_id, profile); exact/resume duplicates dropped",0.49875,C3_DPO_Llama::8e7f2ec3fb783495::progressing::r1,C3_DPO_Llama::8e7f2ec3fb783495::progressing::r1
C3_DPO_Llama,07cde4e475a98b4b,struggling,Medium,False,False,True,0.4987499999999999,0.5,0.25,0.9,0.0,0.7375,0.5,154423ceff8b84fc9e25d9a9415f46d6,False,False,1,1,dialogue_cell,07cde4e475a98b4b::struggling,1,True,"first scored row per (problem_id, profile); exact/resume duplicates dropped",0.49875,C3_DPO_Llama::07cde4e475a98b4b::struggling::r1,C3_DPO_Llama::07cde4e475a98b4b::struggling::r1
C3_DPO_Llama,93b264ffe7b26531,progressing,Medium,False,False,True,0.6475,0.75,0.5,1.0,0.5,0.725,0.0,5951d430f1127c0db4c92a0cef9b8cd6,False,False,2,2,dialogue_cell,93b264ffe7b26531::progressing,1,True,"first scored row per (problem_id, profile); exact/resume duplicates dropped",0.6475,C3_DPO_Llama::93b264ffe7b26531::progressing::r1,C3_DPO_Llama::93b264ffe7b26531::progressing::r1
C3_DPO_Llama,67ab79f900374ccf,progressing,Medium,False,False,True,0.6475,0.75,0.5,1.0,0.5,0.725,0.0,4ce42853ae95a3ca3e4df6f08f777e92,False,False,5,5,dialogue_cell,67ab79f900374ccf::progressing,1,True,"first scored row per (problem_id, profile); exact/resume duplicates dropped",0.6475,C3_DPO_Llama::67ab79f900374ccf::progressing::r1,C3_DPO_Llama::67ab79f900374ccf::progressing::r1
C3_DPO_Llama,2baf04e31d4e975c,progressing,Medium,False,False,True,0.6475,0.75,0.5,1.0,0.5,0.725,0.0,dd62ac952e318c8317c5287962b1fa15,False,False,3,3,dialogue_cell,2baf04e31d4e975c::progressing,1,True,"first scored row per (problem_id, profile); exact/resume duplicates dropped",0.6475,C3_DPO_Llama::2baf04e31d4e975c::progressing::r1,C3_DPO_Llama::2baf04e31d4e975c::progressing::r1
C3_DPO_Llama,c9fe583ec68ea08c,struggling,Medium,False,False,True,0.7474999999999999,0.75,0.5,1.0,0.5,0.725,1.0,c08da1dbc13bdcbbf27637899a95440a,False,False,2,2,dialogue_cell,c9fe583ec68ea08c::struggling,1,True,"first scored row per (problem_id, profile); exact/resume duplicates dropped",0.7475,C3_DPO_Llama::c9fe583ec68ea08c::struggling::r1,C3_DPO_Llama::c9fe583ec68ea08c::struggling::r1
C3_DPO_Llama,b5dd77cc4ccd0cca,progressing,Medium,False,False,True,0.6975,0.75,0.5,1.0,0.5,0.725,0.5,2e4885654546c0b92eea3fc079822a4a,False,False,4,4,dialogue_cell,b5dd77cc4ccd0cca::progressing,1,True,"first scored row per (problem_id, profile); exact/resume duplicates dropped",0.6975,C3_DPO_Llama::b5dd77cc4ccd0cca::progressing::r1,C3_DPO_Llama::b5dd77cc4ccd0cca::progressing::r1
C3_DPO_Llama,33128756c09a732c,advanced,Medium,False,False,True,0.6775000000000001,0.75,0.4,1.0,0.5,0.725,0.5,3f64ef2070f195886585fca2bf2c803f,False,False,4,4,dialogue_cell,33128756c09a732c::advanced,1,True,"first scored row per (problem_id, profile); exact/resume duplicates dropped",0.6775,C3_DPO_Llama::33128756c09a732c::advanced::r1,C3_DPO_Llama::33128756c09a732c::advanced::r1
C3_DPO_Llama,2bbdc98e5efd30ec,struggling,Medium,False,False,True,0.5725,0.75,0.5,1.0,0.0,0.725,0.0,a007cb4b9e453f47c55657a557281bb4,False,False,4,4,dialogue_cell,2bbdc98e5efd30ec::struggling,1,True,"first scored row per (problem_id, profile); exact/resume duplicates dropped",0.5725,C3_DPO_Llama::2bbdc98e5efd30ec::struggling::r1,C3_DPO_Llama::2bbdc98e5efd30ec::struggling::r1
C3_DPO_Llama,fecc3d4d9ba43ef7,struggling,Medium,False,False,True,0.7175,0.75,0.6,1.0,0.5,0.725,0.5,ae88ff2389858cb709ec54d8c16f52a6,False,False,4,4,dialogue_cell,fecc3d4d9ba43ef7::struggling,1,True,"first scored row per (problem_id, profile); exact/resume duplicates dropped",0.7175,C3_DPO_Llama::fecc3d4d9ba43ef7::struggling::r1,C3_DPO_Llama::fecc3d4d9ba43ef7::struggling::r1
C3_DPO_Llama,16fedde94ff473d5,progressing,Medium,False,False,True,0.6475,0.75,0.5,1.0,0.5,0.725,0.0,a5345cc5a41a9d8b28f04ceabdfac2bd,False,False,1,1,dialogue_cell,16fedde94ff473d5::progressing,1,True,"first scored row per (problem_id, profile); exact/resume duplicates dropped",0.6475,C3_DPO_Llama::16fedde94ff473d5::progressing::r1,C3_DPO_Llama::16fedde94ff473d5::progressing::r1
C3_DPO_Llama,2317c96029d4e41c,progressing,Medium,False,False,True,0.6475,0.75,0.5,1.0,0.5,0.725,0.0,1acf01a93c6e30be9f024bf7f221e793,False,False,1,1,dialogue_cell,2317c96029d4e41c::progressing,1,True,"first scored row per (problem_id, profile); exact/resume duplicates dropped",0.6475,C3_DPO_Llama::2317c96029d4e41c::progressing::r1,C3_DPO_Llama::2317c96029d4e41c::progressing::r1
C3_DPO_Llama,4f85613ff32ec2fb,progressing,Medium,False,False,True,0.7474999999999999,0.75,0.5,1.0,0.5,0.725,1.0,7b398226c9919844a80d10fb737c0621,False,False,3,3,dialogue_cell,4f85613ff32ec2fb::progressing,1,True,"first scored row per (problem_id, profile); exact/resume duplicates dropped",0.7475,C3_DPO_Llama::4f85613ff32ec2fb::progressing::r1,C3_DPO_Llama::4f85613ff32ec2fb::progressing::r1
C3_DPO_Llama,ed4cb4418932050a,progressing,Medium,False,False,True,0.6475,0.75,0.5,1.0,0.5,0.725,0.0,c921febe35b3a0efb5f5a0f6eca65552,False,False,1,1,dialogue_cell,ed4cb4418932050a::progressing,1,True,"first scored row per (problem_id, profile); exact/resume duplicates dropped",0.6475,C3_DPO_Llama::ed4cb4418932050a::progressing::r1,C3_DPO_Llama::ed4cb4418932050a::progressing::r1
C3_DPO_Llama,c801a0da93a4310b,advanced,Medium,False,False,True,0.5725,0.75,0.5,1.0,0.0,0.725,0.0,364643a318e21219f8b66e8865d61977,False,False,3,3,dialogue_cell,c801a0da93a4310b::advanced,1,True,"first scored row per (problem_id, profile); exact/resume duplicates dropped",0.5725,C3_DPO_Llama::c801a0da93a4310b::advanced::r1,C3_DPO_Llama::c801a0da93a4310b::advanced::r1
C3_DPO_Llama,61866b9fa3d86067,progressing,Medium,False,False,True,0.6475,0.75,0.5,1.0,0.5,0.725,0.0,f7fa3e712a08b8db65a7423dda10b8df,False,False,2,2,dialogue_cell,61866b9fa3d86067::progressing,1,True,"first scored row per (problem_id, profile); exact/resume duplicates dropped",0.6475,C3_DPO_Llama::61866b9fa3d86067::progressing::r1,C3_DPO_Llama::61866b9fa3d86067::progressing::r1
C3_DPO_Llama,1378e7f5baeb8e25,advanced,Medium,False,False,True,0.7174999999999999,0.6,0.5,1.0,0.5,0.725,1.0,3f782eac931a1e0217e38c5553b3ff18,False,False,1,1,dialogue_cell,1378e7f5baeb8e25::advanced,1,True,"first scored row per (problem_id, profile); exact/resume duplicates dropped",0.7175,C3_DPO_Llama::1378e7f5baeb8e25::advanced::r1,C3_DPO_Llama::1378e7f5baeb8e25::advanced::r1
C3_DPO_Llama,a02a9dd44a028b48,advanced,Medium,False,False,True,0.5958333333333333,0.5,0.5,1.0,0.5,0.7083,0.0,60aa9492b0130827f0cad6b150a3711c,False,False,3,3,dialogue_cell,a02a9dd44a028b48::advanced,1,True,"first scored row per (problem_id, profile); exact/resume duplicates dropped",0.59583,C3_DPO_Llama::a02a9dd44a028b48::advanced::r1,C3_DPO_Llama::a02a9dd44a028b48::advanced::r1
C3_DPO_Llama,817cd01402b580a2,progressing,Medium,False,False,True,0.6975,0.75,0.5,1.0,0.5,0.725,0.5,d765599be9cf94d6e09b1bf671b6a034,False,False,3,3,dialogue_cell,817cd01402b580a2::progressing,1,True,"first scored row per (problem_id, profile); exact/resume duplicates dropped",0.6975,C3_DPO_Llama::817cd01402b580a2::progressing::r1,C3_DPO_Llama::817cd01402b580a2::progressing::r1
C3_DPO_Llama,21f5516f730392ff,progressing,Medium,False,False,True,0.6475,0.75,0.5,1.0,0.5,0.725,0.0,6e5371aa62d4b3c17a8504221d2c429e,False,False,2,2,dialogue_cell,21f5516f730392ff::progressing,1,True,"first scored row per (problem_id, profile); exact/resume duplicates dropped",0.6475,C3_DPO_Llama::21f5516f730392ff::progressing::r1,C3_DPO_Llama::21f5516f730392ff::progressing::r1
C3_DPO_Llama,1cb038acd8334624,progressing,Medium,False,False,True,0.5425,0.6,0.5,1.0,0.0,0.725,0.0,f49c0e4f8e41176af9fa2de0d1747226,False,False,7,7,dialogue_cell,1cb038acd8334624::progressing,1,True,"first scored row per (problem_id, profile); exact/resume duplicates dropped",0.5425,C3_DPO_Llama::1cb038acd8334624::progressing::r1,C3_DPO_Llama::1cb038acd8334624::progressing::r1
C3_DPO_Llama,cd592c7656042969,struggling,Medium,False,False,True,0.6475,0.75,0.5,1.0,0.5,0.725,0.0,d5f41357571c7f35a83737fb8ab75fe7,False,False,4,4,dialogue_cell,cd592c7656042969::struggling,1,True,"first scored row per (problem_id, profile); exact/resume duplicates dropped",0.6475,C3_DPO_Llama::cd592c7656042969::struggling::r1,C3_DPO_Llama::cd592c7656042969::struggling::r1
C3_DPO_Llama,05b5db5d64d2d00d,advanced,Medium,False,False,True,0.6458333333333333,0.75,0.5,1.0,0.5,0.7083,0.0,4ba59625d976199b7baa20a95fc7cae4,False,False,4,4,dialogue_cell,05b5db5d64d2d00d::advanced,1,True,"first scored row per (problem_id, profile); exact/resume duplicates dropped",0.64583,C3_DPO_Llama::05b5db5d64d2d00d::advanced::r1,C3_DPO_Llama::05b5db5d64d2d00d::advanced::r1
C3_DPO_Llama,f96abc956849b96f,struggling,Medium,False,False,True,0.6975,0.75,0.5,1.0,0.5,0.725,0.5,139cc9cd7b8e61de1912c19d3631dc4d,False,False,4,4,dialogue_cell,f96abc956849b96f::struggling,1,True,"first scored row per (problem_id, profile); exact/resume duplicates dropped",0.6975,C3_DPO_Llama::f96abc956849b96f::struggling::r1,C3_DPO_Llama::f96abc956849b96f::struggling::r1
C3_DPO_Llama,d359a2adf29f597e,struggling,Medium,False,False,True,0.6475,0.75,0.5,1.0,0.5,0.725,0.0,d323dac44bc6af4638abe110eb71a453,False,False,3,3,dialogue_cell,d359a2adf29f597e::struggling,1,True,"first scored row per (problem_id, profile); exact/resume duplicates dropped",0.6475,C3_DPO_Llama::d359a2adf29f597e::struggling::r1,C3_DPO_Llama::d359a2adf29f597e::struggling::r1
C3_DPO_Llama,317f53c00121a020,progressing,Medium,False,False,True,0.6675,0.75,0.6,1.0,0.5,0.725,0.0,57e40dc115fa9c0f9b559e89b9cadfe1,False,False,3,3,dialogue_cell,317f53c00121a020::progressing,1,True,"first scored row per (problem_id, profile); exact/resume duplicates dropped",0.6675,C3_DPO_Llama::317f53c00121a020::progressing::r1,C3_DPO_Llama::317f53c00121a020::progressing::r1
C3_DPO_Llama,3af5503ad498c930,progressing,Medium,False,False,True,0.6475,0.75,0.5,1.0,0.5,0.725,0.0,f51d23bb2d439b26df4b94f70a5544ff,False,False,3,3,dialogue_cell,3af5503ad498c930::progressing,1,True,"first scored row per (problem_id, profile); exact/resume duplicates dropped",0.6475,C3_DPO_Llama::3af5503ad498c930::progressing::r1,C3_DPO_Llama::3af5503ad498c930::progressing::r1
C3_DPO_Llama,d28df8f7b843b4df,struggling,Medium,False,False,True,0.7474999999999999,0.75,0.5,1.0,0.5,0.725,1.0,02c1e1f3a7375d639586befdc77757b2,False,False,7,7,dialogue_cell,d28df8f7b843b4df::struggling,1,True,"first scored row per (problem_id, profile); exact/resume duplicates dropped",0.7475,C3_DPO_Llama::d28df8f7b843b4df::struggling::r1,C3_DPO_Llama::d28df8f7b843b4df::struggling::r1
C3_DPO_Llama,f76b8a5a42d5cc49,progressing,Medium,False,False,True,0.6125,0.75,0.7,1.0,0.0,0.725,0.0,350dc484e379626c62f300a50d6d2a2e,False,False,1,1,dialogue_cell,f76b8a5a42d5cc49::progressing,1,True,"first scored row per (problem_id, profile); exact/resume duplicates dropped",0.6125,C3_DPO_Llama::f76b8a5a42d5cc49::progressing::r1,C3_DPO_Llama::f76b8a5a42d5cc49::progressing::r1
C3_DPO_Llama,c46455f66de332c0,struggling,Medium,False,False,True,0.5725,0.75,0.5,1.0,0.0,0.725,0.0,c4335c7a51d258855c3698b182acb078,False,False,4,4,dialogue_cell,c46455f66de332c0::struggling,1,True,"first scored row per (problem_id, profile); exact/resume duplicates dropped",0.5725,C3_DPO_Llama::c46455f66de332c0::struggling::r1,C3_DPO_Llama::c46455f66de332c0::struggling::r1
C3_DPO_Llama,d08bed33a30751e1,advanced,Medium,False,False,True,0.6174999999999999,0.6,0.5,1.0,0.5,0.725,0.0,12c6b15faa27f22c1cd3cf42c942dbb7,False,False,5,5,dialogue_cell,d08bed33a30751e1::advanced,1,True,"first scored row per (problem_id, profile); exact/resume duplicates dropped",0.6174999999999999,C3_DPO_Llama::d08bed33a30751e1::advanced::r1,C3_DPO_Llama::d08bed33a30751e1::advanced::r1
C3_DPO_Llama,0d013576520fcd06,progressing,Medium,False,False,True,0.6475,0.75,0.5,1.0,0.5,0.725,0.0,ac65428e3cd2c1bb71c4c07e28e5ae9d,False,False,1,1,dialogue_cell,0d013576520fcd06::progressing,1,True,"first scored row per (problem_id, profile); exact/resume duplicates dropped",0.6475,C3_DPO_Llama::0d013576520fcd06::progressing::r1,C3_DPO_Llama::0d013576520fcd06::progressing::r1
C3_DPO_Llama,fadc4cba89b797ac,progressing,Medium,False,False,True,0.5725,0.75,0.5,1.0,0.0,0.725,0.0,d54df1b880ef7116fcc7e229c08ba06c,False,False,2,2,dialogue_cell,fadc4cba89b797ac::progressing,1,True,"first scored row per (problem_id, profile); exact/resume duplicates dropped",0.5725,C3_DPO_Llama::fadc4cba89b797ac::progressing::r1,C3_DPO_Llama::fadc4cba89b797ac::progressing::r1
C3_DPO_Llama,798a745298c85d2f,struggling,Medium,False,False,True,0.5725,0.75,0.5,1.0,0.0,0.725,0.0,175aa589c1e0e0473741a36f63d26c75,False,False,4,4,dialogue_cell,798a745298c85d2f::struggling,1,True,"first scored row per (problem_id, profile); exact/resume duplicates dropped",0.5725,C3_DPO_Llama::798a745298c85d2f::struggling::r1,C3_DPO_Llama::798a745298c85d2f::struggling::r1
C3_DPO_Llama,0f850165b922a0be,struggling,Medium,False,False,True,0.6174999999999999,0.6,0.5,1.0,0.5,0.725,0.0,b525483cd7caa7ace369391b4f147282,False,False,1,1,dialogue_cell,0f850165b922a0be::struggling,1,True,"first scored row per (problem_id, profile); exact/resume duplicates dropped",0.6174999999999999,C3_DPO_Llama::0f850165b922a0be::struggling::r1,C3_DPO_Llama::0f850165b922a0be::struggling::r1
C3_DPO_Llama,559cf0c98c602f79,progressing,Medium,False,False,True,0.6475,0.75,0.5,1.0,0.5,0.725,0.0,e13d1755bb5fc76228032fe80af2a10a,False,False,1,1,dialogue_cell,559cf0c98c602f79::progressing,1,True,"first scored row per (problem_id, profile); exact/resume duplicates dropped",0.6475,C3_DPO_Llama::559cf0c98c602f79::progressing::r1,C3_DPO_Llama::559cf0c98c602f79::progressing::r1
C3_DPO_Llama,6710fc83e60aca75,progressing,Medium,False,False,True,0.6475,0.75,0.5,1.0,0.5,0.725,0.0,db9a8d3466a5f484f244fbcac00076a3,False,False,5,5,dialogue_cell,6710fc83e60aca75::progressing,1,True,"first scored row per (problem_id, profile); exact/resume duplicates dropped",0.6475,C3_DPO_Llama::6710fc83e60aca75::progressing::r1,C3_DPO_Llama::6710fc83e60aca75::progressing::r1
C3_DPO_Llama,336b088daff70c60,progressing,Medium,False,False,True,0.7474999999999999,0.75,0.5,1.0,0.5,0.725,1.0,359e1071ed04e21a83cb68555a2ffae1,False,False,4,4,dialogue_cell,336b088daff70c60::progressing,1,True,"first scored row per (problem_id, profile); exact/resume duplicates dropped",0.7475,C3_DPO_Llama::336b088daff70c60::progressing::r1,C3_DPO_Llama::336b088daff70c60::progressing::r1
C3_DPO_Llama,5553251d23b75354,advanced,Medium,False,False,True,0.5725,0.75,0.5,1.0,0.0,0.725,0.0,3bf5ee8ad72748ed3c07473a29aeae48,False,False,3,3,dialogue_cell,5553251d23b75354::advanced,1,True,"first scored row per (problem_id, profile); exact/resume duplicates dropped",0.5725,C3_DPO_Llama::5553251d23b75354::advanced::r1,C3_DPO_Llama::5553251d23b75354::advanced::r1
C3_DPO_Llama,d74c52a87e06166e,progressing,Medium,False,False,True,0.5725,0.75,0.5,1.0,0.0,0.725,0.0,bc5ed4dc17342669bbaa53256ea7951b,False,False,6,6,dialogue_cell,d74c52a87e06166e::progressing,1,True,"first scored row per (problem_id, profile); exact/resume duplicates dropped",0.5725,C3_DPO_Llama::d74c52a87e06166e::progressing::r1,C3_DPO_Llama::d74c52a87e06166e::progressing::r1
C3_DPO_Llama,2b2d708cc4d104fb,progressing,Medium,False,False,True,0.6475,0.75,0.5,1.0,0.5,0.725,0.0,27e370d0793fc7646b17ec2cb16e34ec,False,False,4,4,dialogue_cell,2b2d708cc4d104fb::progressing,1,True,"first scored row per (problem_id, profile); exact/resume duplicates dropped",0.6475,C3_DPO_Llama::2b2d708cc4d104fb::progressing::r1,C3_DPO_Llama::2b2d708cc4d104fb::progressing::r1
C3_DPO_Llama,8e7f2ec3fb783495,advanced,Medium,False,False,True,0.6475,0.75,0.5,1.0,0.5,0.725,0.0,3a00cba507549bdf84c325476a48b0be,False,False,5,5,dialogue_cell,8e7f2ec3fb783495::advanced,1,True,"first scored row per (problem_id, profile); exact/resume duplicates dropped",0.6475,C3_DPO_Llama::8e7f2ec3fb783495::advanced::r1,C3_DPO_Llama::8e7f2ec3fb783495::advanced::r1
C3_DPO_Llama,786a70bb2d54eaae,struggling,Medium,False,False,True,0.6475,0.75,0.5,1.0,0.5,0.725,0.0,75803c2f143898a0c7c3685d86d5992b,False,False,3,3,dialogue_cell,786a70bb2d54eaae::struggling,1,True,"first scored row per (problem_id, profile); exact/resume duplicates dropped",0.6475,C3_DPO_Llama::786a70bb2d54eaae::struggling::r1,C3_DPO_Llama::786a70bb2d54eaae::struggling::r1
C3_DPO_Llama,f6bcf679f3018443,struggling,Medium,False,False,True,0.5725,0.75,0.5,1.0,0.0,0.725,0.0,00a4152ab7caa2d548028d4f6a288d2a,False,False,1,1,dialogue_cell,f6bcf679f3018443::struggling,1,True,"first scored row per (problem_id, profile); exact/resume duplicates dropped",0.5725,C3_DPO_Llama::f6bcf679f3018443::struggling::r1,C3_DPO_Llama::f6bcf679f3018443::struggling::r1
C3_DPO_Llama,e8c1a0f1c5af91d6,progressing,Medium,False,False,True,0.6475,0.75,0.5,1.0,0.5,0.725,0.0,94a1572e73d5d0d17552d376266621df,False,False,4,4,dialogue_cell,e8c1a0f1c5af91d6::progressing,1,True,"first scored row per (problem_id, profile); exact/resume duplicates dropped",0.6475,C3_DPO_Llama::e8c1a0f1c5af91d6::progressing::r1,C3_DPO_Llama::e8c1a0f1c5af91d6::progressing::r1
C3_DPO_Llama,e620cb6132a98963,advanced,Medium,False,False,True,0.7474999999999999,0.75,0.5,1.0,0.5,0.725,1.0,412652021a684484c26aa78ef88f707c,False,False,1,1,dialogue_cell,e620cb6132a98963::advanced,1,True,"first scored row per (problem_id, profile); exact/resume duplicates dropped",0.7475,C3_DPO_Llama::e620cb6132a98963::advanced::r1,C3_DPO_Llama::e620cb6132a98963::advanced::r1
C3_DPO_Llama,0f566f93cd97b42d,progressing,Medium,False,False,True,0.6475,0.75,0.5,1.0,0.5,0.725,0.0,0d0264aa1aca6379cd8df6eb0e61f484,False,False,1,1,dialogue_cell,0f566f93cd97b42d::progressing,1,True,"first scored row per (problem_id, profile); exact/resume duplicates dropped",0.6475,C3_DPO_Llama::0f566f93cd97b42d::progressing::r1,C3_DPO_Llama::0f566f93cd97b42d::progressing::r1
C3_DPO_Llama,ff88119b1c60af9f,struggling,Medium,False,False,True,0.6725,0.75,0.5,1.0,0.0,0.725,1.0,05864caeef260ab51a094ed638a6a400,False,False,1,1,dialogue_cell,ff88119b1c60af9f::struggling,1,True,"first scored row per (problem_id, profile); exact/resume duplicates dropped",0.6725,C3_DPO_Llama::ff88119b1c60af9f::struggling::r1,C3_DPO_Llama::ff88119b1c60af9f::struggling::r1
C3_DPO_Llama,10eb3e3403369f81,struggling,Medium,False,False,True,0.6475,0.75,0.5,1.0,0.5,0.725,0.0,6ee1f4d0e40cc6200f2df74580e209d4,False,False,1,1,dialogue_cell,10eb3e3403369f81::struggling,1,True,"first scored row per (problem_id, profile); exact/resume duplicates dropped",0.6475,C3_DPO_Llama::10eb3e3403369f81::struggling::r1,C3_DPO_Llama::10eb3e3403369f81::struggling::r1
C3_DPO_Llama,c275e3cce4ee8fcb,progressing,Medium,False,False,True,0.5975,0.75,0.5,0.8,0.5,0.725,0.0,06489ee08c6be7253a2c90b267a67351,False,False,4,4,dialogue_cell,c275e3cce4ee8fcb::progressing,1,True,"first scored row per (problem_id, profile); exact/resume duplicates dropped",0.5975,C3_DPO_Llama::c275e3cce4ee8fcb::progressing::r1,C3_DPO_Llama::c275e3cce4ee8fcb::progressing::r1
C3_DPO_Llama,b8ef5dec533b9ddb,progressing,Medium,False,False,True,0.5725,0.75,0.5,1.0,0.0,0.725,0.0,433605eebf45f2b4ec7488b2dcd4cdcc,False,False,4,4,dialogue_cell,b8ef5dec533b9ddb::progressing,1,True,"first scored row per (problem_id, profile); exact/resume duplicates dropped",0.5725,C3_DPO_Llama::b8ef5dec533b9ddb::progressing::r1,C3_DPO_Llama::b8ef5dec533b9ddb::progressing::r1
C3_DPO_Llama,844d7a1768c19756,progressing,Medium,False,False,True,0.6975,0.75,0.5,1.0,0.5,0.725,0.5,b54e7560c0d5085f59467335114134eb,False,False,3,3,dialogue_cell,844d7a1768c19756::progressing,1,True,"first scored row per (problem_id, profile); exact/resume duplicates dropped",0.6975,C3_DPO_Llama::844d7a1768c19756::progressing::r1,C3_DPO_Llama::844d7a1768c19756::progressing::r1
C3_DPO_Llama,4b7297b47da8c4f1,progressing,Medium,False,False,True,0.6475,0.75,0.5,1.0,0.5,0.725,0.0,dcc07081d9365729cded7a4e7ae4b2e3,False,False,3,3,dialogue_cell,4b7297b47da8c4f1::progressing,1,True,"first scored row per (problem_id, profile); exact/resume duplicates dropped",0.6475,C3_DPO_Llama::4b7297b47da8c4f1::progressing::r1,C3_DPO_Llama::4b7297b47da8c4f1::progressing::r1
C3_DPO_Llama,16e73d98795fa5a5,progressing,Medium,False,False,True,0.6475,0.75,0.5,1.0,0.5,0.725,0.0,dcfa9daf8035aca6911e381bf7544eae,False,False,2,2,dialogue_cell,16e73d98795fa5a5::progressing,1,True,"first scored row per (problem_id, profile); exact/resume duplicates dropped",0.6475,C3_DPO_Llama::16e73d98795fa5a5::progressing::r1,C3_DPO_Llama::16e73d98795fa5a5::progressing::r1
C3_DPO_Llama,b138e6f30af2eba3,progressing,Medium,False,False,True,0.5425,0.6,0.5,1.0,0.0,0.725,0.0,635c6ae16ac9c33234cc47bec46d0cb3,False,False,2,2,dialogue_cell,b138e6f30af2eba3::progressing,1,True,"first scored row per (problem_id, profile); exact/resume duplicates dropped",0.5425,C3_DPO_Llama::b138e6f30af2eba3::progressing::r1,C3_DPO_Llama::b138e6f30af2eba3::progressing::r1
C3_DPO_Llama,519cbd562303ff33,progressing,Medium,False,False,True,0.6475,0.75,0.5,1.0,0.5,0.725,0.0,50db9c19467c8c706db638f3a07d7924,False,False,2,2,dialogue_cell,519cbd562303ff33::progressing,1,True,"first scored row per (problem_id, profile); exact/resume duplicates dropped",0.6475,C3_DPO_Llama::519cbd562303ff33::progressing::r1,C3_DPO_Llama::519cbd562303ff33::progressing::r1
C3_DPO_Llama,b6ce335d875f871b,struggling,Medium,False,False,True,0.6475,0.75,0.5,1.0,0.5,0.725,0.0,e71a2c367ceb057e77c7f7d234a95e38,False,False,3,3,dialogue_cell,b6ce335d875f871b::struggling,1,True,"first scored row per (problem_id, profile); exact/resume duplicates dropped",0.6475,C3_DPO_Llama::b6ce335d875f871b::struggling::r1,C3_DPO_Llama::b6ce335d875f871b::struggling::r1
C3_DPO_Llama,a1f3645b566caee6,progressing,Medium,False,False,True,0.6475,0.75,0.5,1.0,0.5,0.725,0.0,3df2d3ac87fc4e8a76c4c88e87fabfc4,False,False,1,1,dialogue_cell,a1f3645b566caee6::progressing,1,True,"first scored row per (problem_id, profile); exact/resume duplicates dropped",0.6475,C3_DPO_Llama::a1f3645b566caee6::progressing::r1,C3_DPO_Llama::a1f3645b566caee6::progressing::r1
C3_DPO_Llama,07cde4e475a98b4b,progressing,Medium,False,False,True,0.5975,0.75,0.5,0.8,0.5,0.725,0.0,a8a82ebeda33f0ab9b99f8984328d3e0,False,False,5,5,dialogue_cell,07cde4e475a98b4b::progressing,1,True,"first scored row per (problem_id, profile); exact/resume duplicates dropped",0.5975,C3_DPO_Llama::07cde4e475a98b4b::progressing::r1,C3_DPO_Llama::07cde4e475a98b4b::progressing::r1
C3_DPO_Llama,864f519a36d4b3b7,struggling,Medium,False,False,True,0.5725,0.75,0.5,1.0,0.0,0.725,0.0,489067a65f917218521005d9099ffc92,False,False,1,1,dialogue_cell,864f519a36d4b3b7::struggling,1,True,"first scored row per (problem_id, profile); exact/resume duplicates dropped",0.5725,C3_DPO_Llama::864f519a36d4b3b7::struggling::r1,C3_DPO_Llama::864f519a36d4b3b7::struggling::r1
C3_DPO_Llama,8c56dabc14884267,progressing,Medium,False,False,True,0.6475,0.75,0.5,1.0,0.5,0.725,0.0,1eaba2d8ffbb90effae41e5c70724af6,False,False,1,1,dialogue_cell,8c56dabc14884267::progressing,1,True,"first scored row per (problem_id, profile); exact/resume duplicates dropped",0.6475,C3_DPO_Llama::8c56dabc14884267::progressing::r1,C3_DPO_Llama::8c56dabc14884267::progressing::r1
C3_DPO_Llama,dc1b264fc4aefafb,advanced,Medium,False,False,True,0.6475,0.75,0.5,1.0,0.5,0.725,0.0,aeebe07fd2d93fe66e5ec5afcb98074f,False,False,2,2,dialogue_cell,dc1b264fc4aefafb::advanced,1,True,"first scored row per (problem_id, profile); exact/resume duplicates dropped",0.6475,C3_DPO_Llama::dc1b264fc4aefafb::advanced::r1,C3_DPO_Llama::dc1b264fc4aefafb::advanced::r1
C3_DPO_Llama,b41cc7b74e66b597,progressing,Medium,False,False,True,0.7175,0.75,0.6,1.0,0.5,0.725,0.5,a0e70826904d787df91b8a4666194b33,False,False,2,2,dialogue_cell,b41cc7b74e66b597::progressing,1,True,"first scored row per (problem_id, profile); exact/resume duplicates dropped",0.7175,C3_DPO_Llama::b41cc7b74e66b597::progressing::r1,C3_DPO_Llama::b41cc7b74e66b597::progressing::r1
C3_DPO_Llama,2fd653295b74e324,progressing,Medium,False,False,True,0.6475,0.75,0.5,1.0,0.5,0.725,0.0,d66aeb205f506caecf6af42766dce68d,False,False,1,1,dialogue_cell,2fd653295b74e324::progressing,1,True,"first scored row per (problem_id, profile); exact/resume duplicates dropped",0.6475,C3_DPO_Llama::2fd653295b74e324::progressing::r1,C3_DPO_Llama::2fd653295b74e324::progressing::r1
C3_DPO_Llama,188e895187f23c9a,progressing,Medium,False,False,True,0.6475,0.75,0.5,1.0,0.5,0.725,0.0,149176263cfbbd2756da41052f5b35c0,False,False,1,1,dialogue_cell,188e895187f23c9a::progressing,1,True,"first scored row per (problem_id, profile); exact/resume duplicates dropped",0.6475,C3_DPO_Llama::188e895187f23c9a::progressing::r1,C3_DPO_Llama::188e895187f23c9a::progressing::r1
C3_DPO_Llama,64d97652f760858a,progressing,Medium,False,False,True,0.6475,0.75,0.5,1.0,0.5,0.725,0.0,e15ea237951de3295da6967a4047ec40,False,False,1,1,dialogue_cell,64d97652f760858a::progressing,1,True,"first scored row per (problem_id, profile); exact/resume duplicates dropped",0.6475,C3_DPO_Llama::64d97652f760858a::progressing::r1,C3_DPO_Llama::64d97652f760858a::progressing::r1
C3_DPO_Llama,6ce8a71d11347024,progressing,Medium,False,False,True,0.6875,0.45,0.5,1.0,0.5,0.725,1.0,06e3f71c40a48c662ee1ed0ea30d41b7,False,False,1,1,dialogue_cell,6ce8a71d11347024::progressing,1,True,"first scored row per (problem_id, profile); exact/resume duplicates dropped",0.6875,C3_DPO_Llama::6ce8a71d11347024::progressing::r1,C3_DPO_Llama::6ce8a71d11347024::progressing::r1
C3_DPO_Llama,64dfad66336d7e34,progressing,Medium,False,False,True,0.7474999999999999,0.75,0.5,1.0,0.5,0.725,1.0,2763d55188d5b32c6b12bd27803f9335,False,False,1,1,dialogue_cell,64dfad66336d7e34::progressing,1,True,"first scored row per (problem_id, profile); exact/resume duplicates dropped",0.7475,C3_DPO_Llama::64dfad66336d7e34::progressing::r1,C3_DPO_Llama::64dfad66336d7e34::progressing::r1
C3_DPO_Llama,6678d2453d317c17,struggling,Medium,False,False,True,0.6675,0.75,0.6,1.0,0.5,0.725,0.0,9e011b7e497a379919e695062721af75,False,False,1,1,dialogue_cell,6678d2453d317c17::struggling,1,True,"first scored row per (problem_id, profile); exact/resume duplicates dropped",0.6675,C3_DPO_Llama::6678d2453d317c17::struggling::r1,C3_DPO_Llama::6678d2453d317c17::struggling::r1
C3_DPO_Llama,de5a699aca767e77,struggling,Medium,False,False,True,0.6475,0.75,0.5,1.0,0.5,0.725,0.0,540b9713ea8b48afa57c91c01bb79628,False,False,1,1,dialogue_cell,de5a699aca767e77::struggling,1,True,"first scored row per (problem_id, profile); exact/resume duplicates dropped",0.6475,C3_DPO_Llama::de5a699aca767e77::struggling::r1,C3_DPO_Llama::de5a699aca767e77::struggling::r1
C3_DPO_Llama,b88f14247d3f53b9,progressing,Medium,False,False,True,0.6475,0.75,0.5,1.0,0.5,0.725,0.0,2a6b2d5a82057b824cd602cb64f893b7,False,False,1,1,dialogue_cell,b88f14247d3f53b9::progressing,1,True,"first scored row per (problem_id, profile); exact/resume duplicates dropped",0.6475,C3_DPO_Llama::b88f14247d3f53b9::progressing::r1,C3_DPO_Llama::b88f14247d3f53b9::progressing::r1
C4_PE_Qwen,dc1b264fc4aefafb,struggling,Medium,False,False,True,0.4987499999999999,0.5,0.25,0.9,0.0,0.7375,0.5,0c3eb905df2930db7b8993372dd738a7,False,False,1,1,dialogue_cell,dc1b264fc4aefafb::struggling,1,True,"first scored row per (problem_id, profile); exact/resume duplicates dropped",0.49875,C4_PE_Qwen::dc1b264fc4aefafb::struggling::r1,C4_PE_Qwen::dc1b264fc4aefafb::struggling::r1
C4_PE_Qwen,c46455f66de332c0,progressing,Medium,False,False,True,0.4987499999999999,0.5,0.25,0.9,0.0,0.7375,0.5,14b550a499ee09d1e9869cd81059500b,False,False,1,1,dialogue_cell,c46455f66de332c0::progressing,1,True,"first scored row per (problem_id, profile); exact/resume duplicates dropped",0.49875,C4_PE_Qwen::c46455f66de332c0::progressing::r1,C4_PE_Qwen::c46455f66de332c0::progressing::r1
C4_PE_Qwen,3af5503ad498c930,struggling,Medium,False,False,True,0.4987499999999999,0.5,0.25,0.9,0.0,0.7375,0.5,a6ff09867e86204903ff52774969859b,False,False,1,1,dialogue_cell,3af5503ad498c930::struggling,1,True,"first scored row per (problem_id, profile); exact/resume duplicates dropped",0.49875,C4_PE_Qwen::3af5503ad498c930::struggling::r1,C4_PE_Qwen::3af5503ad498c930::struggling::r1
C4_PE_Qwen,786a70bb2d54eaae,advanced,Medium,False,False,True,0.4987499999999999,0.5,0.25,0.9,0.0,0.7375,0.5,ce9df9af4fbf6299687fa55394081c2a,False,False,1,3,dialogue_cell,786a70bb2d54eaae::advanced,1,True,"first scored row per (problem_id, profile); exact/resume duplicates dropped",0.49875,C4_PE_Qwen::786a70bb2d54eaae::advanced::r1,C4_PE_Qwen::786a70bb2d54eaae::advanced::r1
C4_PE_Qwen,6681b8e0f2abf7a9,progressing,Medium,False,False,True,0.4987499999999999,0.5,0.25,0.9,0.0,0.7375,0.5,18556979d1611ad1c0b943943d3b9acc,False,False,8,9,dialogue_cell,6681b8e0f2abf7a9::progressing,1,True,"first scored row per (problem_id, profile); exact/resume duplicates dropped",0.49875,C4_PE_Qwen::6681b8e0f2abf7a9::progressing::r1,C4_PE_Qwen::6681b8e0f2abf7a9::progressing::r1
C4_PE_Qwen,c801a0da93a4310b,struggling,Medium,False,False,True,0.4987499999999999,0.5,0.25,0.9,0.0,0.7375,0.5,cd793598682e747deecd43330df053a5,False,False,1,1,dialogue_cell,c801a0da93a4310b::struggling,1,True,"first scored row per (problem_id, profile); exact/resume duplicates dropped",0.49875,C4_PE_Qwen::c801a0da93a4310b::struggling::r1,C4_PE_Qwen::c801a0da93a4310b::struggling::r1
C4_PE_Qwen,a02a9dd44a028b48,progressing,Medium,False,False,True,0.4987499999999999,0.5,0.25,0.9,0.0,0.7375,0.5,027ecb1d6f066a8d784567d2150a347e,False,False,2,2,dialogue_cell,a02a9dd44a028b48::progressing,1,True,"first scored row per (problem_id, profile); exact/resume duplicates dropped",0.49875,C4_PE_Qwen::a02a9dd44a028b48::progressing::r1,C4_PE_Qwen::a02a9dd44a028b48::progressing::r1
C4_PE_Qwen,33128756c09a732c,progressing,Medium,False,False,True,0.4987499999999999,0.5,0.25,0.9,0.0,0.7375,0.5,ff4c5441548ac1df34fb3a9331c104e2,False,False,4,4,dialogue_cell,33128756c09a732c::progressing,1,True,"first scored row per (problem_id, profile); exact/resume duplicates dropped",0.49875,C4_PE_Qwen::33128756c09a732c::progressing::r1,C4_PE_Qwen::33128756c09a732c::progressing::r1
C4_PE_Qwen,f96abc956849b96f,progressing,Medium,False,False,True,0.4987499999999999,0.5,0.25,0.9,0.0,0.7375,0.5,48a3169e1d67ea90739a2a6f06a34601,False,False,1,1,dialogue_cell,f96abc956849b96f::progressing,1,True,"first scored row per (problem_id, profile); exact/resume duplicates dropped",0.49875,C4_PE_Qwen::f96abc956849b96f::progressing::r1,C4_PE_Qwen::f96abc956849b96f::progressing::r1
C4_PE_Qwen,d08bed33a30751e1,struggling,Medium,False,False,True,0.4987499999999999,0.5,0.25,0.9,0.0,0.7375,0.5,991b0e47aa308e7c54a6a4211e827932,False,False,1,1,dialogue_cell,d08bed33a30751e1::struggling,1,True,"first scored row per (problem_id, profile); exact/resume duplicates dropped",0.49875,C4_PE_Qwen::d08bed33a30751e1::struggling::r1,C4_PE_Qwen::d08bed33a30751e1::struggling::r1
C4_PE_Qwen,b41cc7b74e66b597,advanced,Medium,False,False,True,0.4987499999999999,0.5,0.25,0.9,0.0,0.7375,0.5,1277e4287569afd0f55195e3c18bf2e2,False,False,1,1,dialogue_cell,b41cc7b74e66b597::advanced,1,True,"first scored row per (problem_id, profile); exact/resume duplicates dropped",0.49875,C4_PE_Qwen::b41cc7b74e66b597::advanced::r1,C4_PE_Qwen::b41cc7b74e66b597::advanced::r1
C4_PE_Qwen,5553251d23b75354,progressing,Medium,False,False,True,0.4987499999999999,0.5,0.25,0.9,0.0,0.7375,0.5,bb22b7b5a1fbc36fc63a29edc2314fcb,False,False,1,1,dialogue_cell,5553251d23b75354::progressing,1,True,"first scored row per (problem_id, profile); exact/resume duplicates dropped",0.49875,C4_PE_Qwen::5553251d23b75354::progressing::r1,C4_PE_Qwen::5553251d23b75354::progressing::r1
C4_PE_Qwen,d28df8f7b843b4df,advanced,Medium,False,False,True,0.4987499999999999,0.5,0.25,0.9,0.0,0.7375,0.5,cf1f5371155ca4263c63056a37de318c,False,False,1,1,dialogue_cell,d28df8f7b843b4df::advanced,1,True,"first scored row per (problem_id, profile); exact/resume duplicates dropped",0.49875,C4_PE_Qwen::d28df8f7b843b4df::advanced::r1,C4_PE_Qwen::d28df8f7b843b4df::advanced::r1
C4_PE_Qwen,b5f82fe7beb2c711,progressing,Medium,False,False,True,0.4987499999999999,0.5,0.25,0.9,0.0,0.7375,0.5,802ee0a5e82c357e24a66aa0653a5c27,False,False,6,6,dialogue_cell,b5f82fe7beb2c711::progressing,1,True,"first scored row per (problem_id, profile); exact/resume duplicates dropped",0.49875,C4_PE_Qwen::b5f82fe7beb2c711::progressing::r1,C4_PE_Qwen::b5f82fe7beb2c711::progressing::r1
C4_PE_Qwen,0f566f93cd97b42d,struggling,Medium,False,False,True,0.4987499999999999,0.5,0.25,0.9,0.0,0.7375,0.5,2df6e13f520e37b8bf6a42157b4bd87f,False,False,1,1,dialogue_cell,0f566f93cd97b42d::struggling,1,True,"first scored row per (problem_id, profile); exact/resume duplicates dropped",0.49875,C4_PE_Qwen::0f566f93cd97b42d::struggling::r1,C4_PE_Qwen::0f566f93cd97b42d::struggling::r1
C4_PE_Qwen,50ee037194ec0443,progressing,Medium,False,False,True,0.4987499999999999,0.5,0.25,0.9,0.0,0.7375,0.5,9eec9c7be3b1321ad0d8e4a61f341d0d,False,False,1,1,dialogue_cell,50ee037194ec0443::progressing,1,True,"first scored row per (problem_id, profile); exact/resume duplicates dropped",0.49875,C4_PE_Qwen::50ee037194ec0443::progressing::r1,C4_PE_Qwen::50ee037194ec0443::progressing::r1
C4_PE_Qwen,bfa26e430b44d5e6,struggling,Medium,False,False,True,0.4987499999999999,0.5,0.25,0.9,0.0,0.7375,0.5,18f20b68659a3b798eb8465282012c3b,False,False,2,2,dialogue_cell,bfa26e430b44d5e6::struggling,1,True,"first scored row per (problem_id, profile); exact/resume duplicates dropped",0.49875,C4_PE_Qwen::bfa26e430b44d5e6::struggling::r1,C4_PE_Qwen::bfa26e430b44d5e6::struggling::r1
C4_PE_Qwen,5d38ace0309450b4,struggling,Medium,False,False,True,0.4987499999999999,0.5,0.25,0.9,0.0,0.7375,0.5,dc13ef5fc40b1a07c78a6328c638e01b,False,False,3,3,dialogue_cell,5d38ace0309450b4::struggling,1,True,"first scored row per (problem_id, profile); exact/resume duplicates dropped",0.49875,C4_PE_Qwen::5d38ace0309450b4::struggling::r1,C4_PE_Qwen::5d38ace0309450b4::struggling::r1
C4_PE_Qwen,0f494281748adc02,advanced,Medium,False,False,True,0.4987499999999999,0.5,0.25,0.9,0.0,0.7375,0.5,8badb3414f4f0042aa306da95889c2ec,False,False,5,5,dialogue_cell,0f494281748adc02::advanced,1,True,"first scored row per (problem_id, profile); exact/resume duplicates dropped",0.49875,C4_PE_Qwen::0f494281748adc02::advanced::r1,C4_PE_Qwen::0f494281748adc02::advanced::r1
C4_PE_Qwen,336b088daff70c60,struggling,Medium,False,False,True,0.4987499999999999,0.5,0.25,0.9,0.0,0.7375,0.5,fe45c93d15e4cd9a73579c9c6aed5ff1,False,False,4,4,dialogue_cell,336b088daff70c60::struggling,1,True,"first scored row per (problem_id, profile); exact/resume duplicates dropped",0.49875,C4_PE_Qwen::336b088daff70c60::struggling::r1,C4_PE_Qwen::336b088daff70c60::struggling::r1
C4_PE_Qwen,05b5db5d64d2d00d,struggling,Medium,False,False,True,0.4987499999999999,0.5,0.25,0.9,0.0,0.7375,0.5,8b205d0ae5e73980198c8c4de70e00c1,False,False,3,3,dialogue_cell,05b5db5d64d2d00d::struggling,1,True,"first scored row per (problem_id, profile); exact/resume duplicates dropped",0.49875,C4_PE_Qwen::05b5db5d64d2d00d::struggling::r1,C4_PE_Qwen::05b5db5d64d2d00d::struggling::r1
C4_PE_Qwen,2bbdc98e5efd30ec,progressing,Medium,False,False,True,0.4987499999999999,0.5,0.25,0.9,0.0,0.7375,0.5,6538059301ccea49d9c20da97c97c096,False,False,3,4,dialogue_cell,2bbdc98e5efd30ec::progressing,1,True,"first scored row per (problem_id, profile); exact/resume duplicates dropped",0.49875,C4_PE_Qwen::2bbdc98e5efd30ec::progressing::r1,C4_PE_Qwen::2bbdc98e5efd30ec::progressing::r1
C4_PE_Qwen,0c68e6790fdc8212,progressing,Medium,False,False,True,0.4987499999999999,0.5,0.25,0.9,0.0,0.7375,0.5,4a8432850ee17cd20311f3719f0722a1,False,False,4,4,dialogue_cell,0c68e6790fdc8212::progressing,1,True,"first scored row per (problem_id, profile); exact/resume duplicates dropped",0.49875,C4_PE_Qwen::0c68e6790fdc8212::progressing::r1,C4_PE_Qwen::0c68e6790fdc8212::progressing::r1
C4_PE_Qwen,817cd01402b580a2,struggling,Medium,False,False,True,0.4987499999999999,0.5,0.25,0.9,0.0,0.7375,0.5,da0d057be5421dbb05b8974c4d2ba716,False,False,1,1,dialogue_cell,817cd01402b580a2::struggling,1,True,"first scored row per (problem_id, profile); exact/resume duplicates dropped",0.49875,C4_PE_Qwen::817cd01402b580a2::struggling::r1,C4_PE_Qwen::817cd01402b580a2::struggling::r1
C4_PE_Qwen,fecc3d4d9ba43ef7,progressing,Medium,False,False,True,0.4987499999999999,0.5,0.25,0.9,0.0,0.7375,0.5,71ee03e55f4f0b15e98f1272b276a410,False,False,1,1,dialogue_cell,fecc3d4d9ba43ef7::progressing,1,True,"first scored row per (problem_id, profile); exact/resume duplicates dropped",0.49875,C4_PE_Qwen::fecc3d4d9ba43ef7::progressing::r1,C4_PE_Qwen::fecc3d4d9ba43ef7::progressing::r1
C4_PE_Qwen,8e7f2ec3fb783495,progressing,Medium,False,False,True,0.4987499999999999,0.5,0.25,0.9,0.0,0.7375,0.5,6aa62beac81ee13ca17f38db03ec2376,False,False,5,5,dialogue_cell,8e7f2ec3fb783495::progressing,1,True,"first scored row per (problem_id, profile); exact/resume duplicates dropped",0.49875,C4_PE_Qwen::8e7f2ec3fb783495::progressing::r1,C4_PE_Qwen::8e7f2ec3fb783495::progressing::r1
C4_PE_Qwen,07cde4e475a98b4b,struggling,Medium,False,False,True,0.4987499999999999,0.5,0.25,0.9,0.0,0.7375,0.5,f219bb7a025298394a50d3212c9cf105,False,False,6,6,dialogue_cell,07cde4e475a98b4b::struggling,1,True,"first scored row per (problem_id, profile); exact/resume duplicates dropped",0.49875,C4_PE_Qwen::07cde4e475a98b4b::struggling::r1,C4_PE_Qwen::07cde4e475a98b4b::struggling::r1
C4_PE_Qwen,93b264ffe7b26531,progressing,Medium,False,False,True,0.6475,0.75,0.5,1.0,0.5,0.725,0.0,40a3d821e7ed7dba98ad24efd2d4feff,False,False,1,1,dialogue_cell,93b264ffe7b26531::progressing,1,True,"first scored row per (problem_id, profile); exact/resume duplicates dropped",0.6475,C4_PE_Qwen::93b264ffe7b26531::progressing::r1,C4_PE_Qwen::93b264ffe7b26531::progressing::r1
C4_PE_Qwen,67ab79f900374ccf,progressing,Medium,False,False,True,0.5725,0.75,0.5,1.0,0.0,0.725,0.0,5f5d03e7e1e4b586d162e9849b22ebe8,False,False,4,4,dialogue_cell,67ab79f900374ccf::progressing,1,True,"first scored row per (problem_id, profile); exact/resume duplicates dropped",0.5725,C4_PE_Qwen::67ab79f900374ccf::progressing::r1,C4_PE_Qwen::67ab79f900374ccf::progressing::r1
C4_PE_Qwen,2baf04e31d4e975c,progressing,Medium,False,False,True,0.6675,0.75,0.6,1.0,0.5,0.725,0.0,f42dcdb88447e215dde8f149d4f6104e,False,False,3,3,dialogue_cell,2baf04e31d4e975c::progressing,1,True,"first scored row per (problem_id, profile); exact/resume duplicates dropped",0.6675,C4_PE_Qwen::2baf04e31d4e975c::progressing::r1,C4_PE_Qwen::2baf04e31d4e975c::progressing::r1
C4_PE_Qwen,c9fe583ec68ea08c,struggling,Medium,False,False,True,0.6475,0.75,0.5,1.0,0.5,0.725,0.0,b16ad79d6c163600a983ca335d29b2c3,False,False,2,2,dialogue_cell,c9fe583ec68ea08c::struggling,1,True,"first scored row per (problem_id, profile); exact/resume duplicates dropped",0.6475,C4_PE_Qwen::c9fe583ec68ea08c::struggling::r1,C4_PE_Qwen::c9fe583ec68ea08c::struggling::r1
C4_PE_Qwen,b5dd77cc4ccd0cca,progressing,Medium,False,False,True,0.5975,0.75,0.5,0.8,0.5,0.725,0.0,c6dc15141461d09ef2992f941e9e6088,False,False,2,2,dialogue_cell,b5dd77cc4ccd0cca::progressing,1,True,"first scored row per (problem_id, profile); exact/resume duplicates dropped",0.5975,C4_PE_Qwen::b5dd77cc4ccd0cca::progressing::r1,C4_PE_Qwen::b5dd77cc4ccd0cca::progressing::r1
C4_PE_Qwen,33128756c09a732c,advanced,Medium,False,False,True,0.7474999999999999,0.75,0.5,1.0,0.5,0.725,1.0,65da58ff0911bc9a7a3a7029f2b1fa5a,False,False,1,1,dialogue_cell,33128756c09a732c::advanced,1,True,"first scored row per (problem_id, profile); exact/resume duplicates dropped",0.7475,C4_PE_Qwen::33128756c09a732c::advanced::r1,C4_PE_Qwen::33128756c09a732c::advanced::r1
C4_PE_Qwen,2bbdc98e5efd30ec,struggling,Medium,False,False,True,0.5725,0.75,0.5,1.0,0.0,0.725,0.0,8de6e527b262c31e1a112acd1f380b99,False,False,1,1,dialogue_cell,2bbdc98e5efd30ec::struggling,1,True,"first scored row per (problem_id, profile); exact/resume duplicates dropped",0.5725,C4_PE_Qwen::2bbdc98e5efd30ec::struggling::r1,C4_PE_Qwen::2bbdc98e5efd30ec::struggling::r1
C4_PE_Qwen,fecc3d4d9ba43ef7,struggling,Medium,False,False,True,0.5925,0.75,0.6,1.0,0.0,0.725,0.0,7f84b5550fbc86afc1fa626ba8521dd4,False,False,4,4,dialogue_cell,fecc3d4d9ba43ef7::struggling,1,True,"first scored row per (problem_id, profile); exact/resume duplicates dropped",0.5925,C4_PE_Qwen::fecc3d4d9ba43ef7::struggling::r1,C4_PE_Qwen::fecc3d4d9ba43ef7::struggling::r1
C4_PE_Qwen,16fedde94ff473d5,progressing,Medium,False,False,True,0.6475,0.75,0.5,1.0,0.5,0.725,0.0,b7e00c95031690b7d61c08733545e1f5,False,False,1,1,dialogue_cell,16fedde94ff473d5::progressing,1,True,"first scored row per (problem_id, profile); exact/resume duplicates dropped",0.6475,C4_PE_Qwen::16fedde94ff473d5::progressing::r1,C4_PE_Qwen::16fedde94ff473d5::progressing::r1
C4_PE_Qwen,2317c96029d4e41c,progressing,Medium,False,False,True,0.6475,0.75,0.5,1.0,0.5,0.725,0.0,0eb2c5347c8ff524207d024e5f28bf5f,False,False,1,1,dialogue_cell,2317c96029d4e41c::progressing,1,True,"first scored row per (problem_id, profile); exact/resume duplicates dropped",0.6475,C4_PE_Qwen::2317c96029d4e41c::progressing::r1,C4_PE_Qwen::2317c96029d4e41c::progressing::r1
C4_PE_Qwen,4f85613ff32ec2fb,progressing,Medium,False,False,True,0.6437499999999999,0.75,0.5,1.0,0.5,0.6875,0.0,900a61bb2a00225bf516a4500b503a78,False,False,2,2,dialogue_cell,4f85613ff32ec2fb::progressing,1,True,"first scored row per (problem_id, profile); exact/resume duplicates dropped",0.64375,C4_PE_Qwen::4f85613ff32ec2fb::progressing::r1,C4_PE_Qwen::4f85613ff32ec2fb::progressing::r1
C4_PE_Qwen,ed4cb4418932050a,progressing,Medium,False,False,True,0.6475,0.75,0.5,1.0,0.5,0.725,0.0,55507580ad662813dbc4b13cd7fd11a0,False,False,1,1,dialogue_cell,ed4cb4418932050a::progressing,1,True,"first scored row per (problem_id, profile); exact/resume duplicates dropped",0.6475,C4_PE_Qwen::ed4cb4418932050a::progressing::r1,C4_PE_Qwen::ed4cb4418932050a::progressing::r1
C4_PE_Qwen,c801a0da93a4310b,advanced,Medium,False,False,True,0.584375,0.75,0.5,0.75,0.5,0.7188,0.0,99bf8da35f792ef9c99e707fef5e3f1d,False,False,3,3,dialogue_cell,c801a0da93a4310b::advanced,1,True,"first scored row per (problem_id, profile); exact/resume duplicates dropped",0.58438,C4_PE_Qwen::c801a0da93a4310b::advanced::r1,C4_PE_Qwen::c801a0da93a4310b::advanced::r1
C4_PE_Qwen,61866b9fa3d86067,progressing,Medium,False,False,True,0.6475,0.75,0.5,1.0,0.5,0.725,0.0,ff7467ae6618b912d332c310b84ff5fb,False,False,2,2,dialogue_cell,61866b9fa3d86067::progressing,1,True,"first scored row per (problem_id, profile); exact/resume duplicates dropped",0.6475,C4_PE_Qwen::61866b9fa3d86067::progressing::r1,C4_PE_Qwen::61866b9fa3d86067::progressing::r1
C4_PE_Qwen,1378e7f5baeb8e25,advanced,Medium,False,False,True,0.5875,0.45,0.5,1.0,0.5,0.725,0.0,2fcaa002c80bce43fbcb19dc674773fe,False,False,1,1,dialogue_cell,1378e7f5baeb8e25::advanced,1,True,"first scored row per (problem_id, profile); exact/resume duplicates dropped",0.5875,C4_PE_Qwen::1378e7f5baeb8e25::advanced::r1,C4_PE_Qwen::1378e7f5baeb8e25::advanced::r1
C4_PE_Qwen,a02a9dd44a028b48,advanced,Medium,False,False,True,0.6675,0.6,0.5,1.0,0.5,0.725,0.5,8412bff33b065f2a77b58196f3485140,False,False,2,2,dialogue_cell,a02a9dd44a028b48::advanced,1,True,"first scored row per (problem_id, profile); exact/resume duplicates dropped",0.6675,C4_PE_Qwen::a02a9dd44a028b48::advanced::r1,C4_PE_Qwen::a02a9dd44a028b48::advanced::r1
C4_PE_Qwen,817cd01402b580a2,progressing,Medium,False,False,True,0.6975,0.75,0.5,1.0,0.5,0.725,0.5,d781a2b9f28224157980a223bbacdb35,False,False,3,3,dialogue_cell,817cd01402b580a2::progressing,1,True,"first scored row per (problem_id, profile); exact/resume duplicates dropped",0.6975,C4_PE_Qwen::817cd01402b580a2::progressing::r1,C4_PE_Qwen::817cd01402b580a2::progressing::r1
C4_PE_Qwen,21f5516f730392ff,progressing,Medium,False,False,True,0.6475,0.75,0.5,1.0,0.5,0.725,0.0,41c68cec78585f324437126a4978af6c,False,False,1,1,dialogue_cell,21f5516f730392ff::progressing,1,True,"first scored row per (problem_id, profile); exact/resume duplicates dropped",0.6475,C4_PE_Qwen::21f5516f730392ff::progressing::r1,C4_PE_Qwen::21f5516f730392ff::progressing::r1
C4_PE_Qwen,1cb038acd8334624,progressing,Medium,False,False,True,0.5725,0.75,0.5,1.0,0.0,0.725,0.0,bd19185f157934ea46cf0156bc4b4b95,False,False,7,7,dialogue_cell,1cb038acd8334624::progressing,1,True,"first scored row per (problem_id, profile); exact/resume duplicates dropped",0.5725,C4_PE_Qwen::1cb038acd8334624::progressing::r1,C4_PE_Qwen::1cb038acd8334624::progressing::r1
C4_PE_Qwen,cd592c7656042969,struggling,Medium,False,False,True,0.6475,0.75,0.5,1.0,0.5,0.725,0.0,894c60baf0410d67b7486ef665cbbb36,False,False,2,2,dialogue_cell,cd592c7656042969::struggling,1,True,"first scored row per (problem_id, profile); exact/resume duplicates dropped",0.6475,C4_PE_Qwen::cd592c7656042969::struggling::r1,C4_PE_Qwen::cd592c7656042969::struggling::r1
C4_PE_Qwen,05b5db5d64d2d00d,advanced,Medium,False,False,True,0.7458333333333332,0.75,0.5,1.0,0.5,0.7083,1.0,f7b27ba3a1bb247784ed6cff9c5025d9,False,False,2,2,dialogue_cell,05b5db5d64d2d00d::advanced,1,True,"first scored row per (problem_id, profile); exact/resume duplicates dropped",0.74583,C4_PE_Qwen::05b5db5d64d2d00d::advanced::r1,C4_PE_Qwen::05b5db5d64d2d00d::advanced::r1
C4_PE_Qwen,f96abc956849b96f,struggling,Medium,False,False,True,0.5725,0.75,0.5,1.0,0.0,0.725,0.0,a26f3a434212ac9c074e96a235709c30,False,False,2,2,dialogue_cell,f96abc956849b96f::struggling,1,True,"first scored row per (problem_id, profile); exact/resume duplicates dropped",0.5725,C4_PE_Qwen::f96abc956849b96f::struggling::r1,C4_PE_Qwen::f96abc956849b96f::struggling::r1
C4_PE_Qwen,d359a2adf29f597e,struggling,Medium,False,False,True,0.6975,0.75,0.5,1.0,0.5,0.725,0.5,63b7e7104ac0e51987dfd50692d37a30,False,False,3,3,dialogue_cell,d359a2adf29f597e::struggling,1,True,"first scored row per (problem_id, profile); exact/resume duplicates dropped",0.6975,C4_PE_Qwen::d359a2adf29f597e::struggling::r1,C4_PE_Qwen::d359a2adf29f597e::struggling::r1
C4_PE_Qwen,317f53c00121a020,progressing,Medium,False,False,True,0.7275,0.75,0.4,1.0,0.5,0.725,1.0,c8a110853ecfae68452e6425de38126d,False,False,1,1,dialogue_cell,317f53c00121a020::progressing,1,True,"first scored row per (problem_id, profile); exact/resume duplicates dropped",0.7275,C4_PE_Qwen::317f53c00121a020::progressing::r1,C4_PE_Qwen::317f53c00121a020::progressing::r1
C4_PE_Qwen,3af5503ad498c930,progressing,Medium,False,False,True,0.6475,0.75,0.5,1.0,0.5,0.725,0.0,04cde6c98e8dda029c9568bf433054f6,False,False,3,3,dialogue_cell,3af5503ad498c930::progressing,1,True,"first scored row per (problem_id, profile); exact/resume duplicates dropped",0.6475,C4_PE_Qwen::3af5503ad498c930::progressing::r1,C4_PE_Qwen::3af5503ad498c930::progressing::r1
C4_PE_Qwen,d28df8f7b843b4df,struggling,Medium,False,False,True,0.5725,0.75,0.5,1.0,0.0,0.725,0.0,9ab95744bd7340815db2c61e140bb7a0,False,False,7,7,dialogue_cell,d28df8f7b843b4df::struggling,1,True,"first scored row per (problem_id, profile); exact/resume duplicates dropped",0.5725,C4_PE_Qwen::d28df8f7b843b4df::struggling::r1,C4_PE_Qwen::d28df8f7b843b4df::struggling::r1
C4_PE_Qwen,f76b8a5a42d5cc49,progressing,Medium,False,False,True,0.6475,0.75,0.5,1.0,0.5,0.725,0.0,18c70a621c4c93226c1b2a3c3cca462b,False,False,1,1,dialogue_cell,f76b8a5a42d5cc49::progressing,1,True,"first scored row per (problem_id, profile); exact/resume duplicates dropped",0.6475,C4_PE_Qwen::f76b8a5a42d5cc49::progressing::r1,C4_PE_Qwen::f76b8a5a42d5cc49::progressing::r1
C4_PE_Qwen,c46455f66de332c0,struggling,Medium,False,False,True,0.5725,0.75,0.5,1.0,0.0,0.725,0.0,878b52907baa0d6a80f6b5a410927f3b,False,False,4,4,dialogue_cell,c46455f66de332c0::struggling,1,True,"first scored row per (problem_id, profile); exact/resume duplicates dropped",0.5725,C4_PE_Qwen::c46455f66de332c0::struggling::r1,C4_PE_Qwen::c46455f66de332c0::struggling::r1
C4_PE_Qwen,d08bed33a30751e1,advanced,Medium,False,False,True,0.6174999999999999,0.6,0.5,1.0,0.5,0.725,0.0,e46f22018ece84b7c15c6a04f0a2b3f9,False,False,5,5,dialogue_cell,d08bed33a30751e1::advanced,1,True,"first scored row per (problem_id, profile); exact/resume duplicates dropped",0.6174999999999999,C4_PE_Qwen::d08bed33a30751e1::advanced::r1,C4_PE_Qwen::d08bed33a30751e1::advanced::r1
C4_PE_Qwen,0d013576520fcd06,progressing,Medium,False,False,True,0.6475,0.75,0.5,1.0,0.5,0.725,0.0,ace7709583dcff2cf8f476fd9960633c,False,False,1,1,dialogue_cell,0d013576520fcd06::progressing,1,True,"first scored row per (problem_id, profile); exact/resume duplicates dropped",0.6475,C4_PE_Qwen::0d013576520fcd06::progressing::r1,C4_PE_Qwen::0d013576520fcd06::progressing::r1
C4_PE_Qwen,fadc4cba89b797ac,progressing,Medium,False,False,True,0.5725,0.75,0.5,1.0,0.0,0.725,0.0,cd91fadcb33d6ae5fac398fa5e5f42e3,False,False,2,2,dialogue_cell,fadc4cba89b797ac::progressing,1,True,"first scored row per (problem_id, profile); exact/resume duplicates dropped",0.5725,C4_PE_Qwen::fadc4cba89b797ac::progressing::r1,C4_PE_Qwen::fadc4cba89b797ac::progressing::r1
C4_PE_Qwen,798a745298c85d2f,struggling,Medium,False,False,True,0.6475,0.75,0.5,1.0,0.5,0.725,0.0,6801ebbe76a28939fa136c468e5ad4ae,False,False,2,2,dialogue_cell,798a745298c85d2f::struggling,1,True,"first scored row per (problem_id, profile); exact/resume duplicates dropped",0.6475,C4_PE_Qwen::798a745298c85d2f::struggling::r1,C4_PE_Qwen::798a745298c85d2f::struggling::r1
C4_PE_Qwen,0f850165b922a0be,struggling,Medium,False,False,True,0.6475,0.75,0.5,1.0,0.5,0.725,0.0,ed586c343032ef9a47a55edbcf4f82a7,False,False,1,1,dialogue_cell,0f850165b922a0be::struggling,1,True,"first scored row per (problem_id, profile); exact/resume duplicates dropped",0.6475,C4_PE_Qwen::0f850165b922a0be::struggling::r1,C4_PE_Qwen::0f850165b922a0be::struggling::r1
C4_PE_Qwen,559cf0c98c602f79,progressing,Medium,False,False,True,0.6475,0.75,0.5,1.0,0.5,0.725,0.0,733f6c2da6997cc08c8122e1fe3d8fee,False,False,1,1,dialogue_cell,559cf0c98c602f79::progressing,1,True,"first scored row per (problem_id, profile); exact/resume duplicates dropped",0.6475,C4_PE_Qwen::559cf0c98c602f79::progressing::r1,C4_PE_Qwen::559cf0c98c602f79::progressing::r1
C4_PE_Qwen,6710fc83e60aca75,progressing,Medium,False,False,True,0.6475,0.75,0.5,1.0,0.5,0.725,0.0,208463e4b541a4d7c7b8abb2a30f4cec,False,False,5,5,dialogue_cell,6710fc83e60aca75::progressing,1,True,"first scored row per (problem_id, profile); exact/resume duplicates dropped",0.6475,C4_PE_Qwen::6710fc83e60aca75::progressing::r1,C4_PE_Qwen::6710fc83e60aca75::progressing::r1
C4_PE_Qwen,336b088daff70c60,progressing,Medium,False,False,True,0.6475,0.75,0.5,1.0,0.5,0.725,0.0,0221a887f834c8da3e02c1fbcba88278,False,False,1,1,dialogue_cell,336b088daff70c60::progressing,1,True,"first scored row per (problem_id, profile); exact/resume duplicates dropped",0.6475,C4_PE_Qwen::336b088daff70c60::progressing::r1,C4_PE_Qwen::336b088daff70c60::progressing::r1
C4_PE_Qwen,5553251d23b75354,advanced,Medium,False,False,True,0.6675,0.75,0.6,1.0,0.5,0.725,0.0,b1799c104a99cb4cc5f563d47636e3ca,False,False,1,1,dialogue_cell,5553251d23b75354::advanced,1,True,"first scored row per (problem_id, profile); exact/resume duplicates dropped",0.6675,C4_PE_Qwen::5553251d23b75354::advanced::r1,C4_PE_Qwen::5553251d23b75354::advanced::r1
C4_PE_Qwen,d74c52a87e06166e,progressing,Medium,False,False,True,0.6475,0.75,0.5,1.0,0.5,0.725,0.0,437a2f434301452144c70d56c25d8af8,False,False,6,6,dialogue_cell,d74c52a87e06166e::progressing,1,True,"first scored row per (problem_id, profile); exact/resume duplicates dropped",0.6475,C4_PE_Qwen::d74c52a87e06166e::progressing::r1,C4_PE_Qwen::d74c52a87e06166e::progressing::r1
C4_PE_Qwen,2b2d708cc4d104fb,progressing,Medium,False,False,True,0.7474999999999999,0.75,0.5,1.0,0.5,0.725,1.0,dee9cf0a6c0a42cc2a1ec53288a2b768,False,False,1,1,dialogue_cell,2b2d708cc4d104fb::progressing,1,True,"first scored row per (problem_id, profile); exact/resume duplicates dropped",0.7475,C4_PE_Qwen::2b2d708cc4d104fb::progressing::r1,C4_PE_Qwen::2b2d708cc4d104fb::progressing::r1
C4_PE_Qwen,8e7f2ec3fb783495,advanced,Medium,False,False,True,0.6475,0.75,0.5,1.0,0.5,0.725,0.0,00d8b8e4e68daff9ef51f385d7498c0d,False,False,1,1,dialogue_cell,8e7f2ec3fb783495::advanced,1,True,"first scored row per (problem_id, profile); exact/resume duplicates dropped",0.6475,C4_PE_Qwen::8e7f2ec3fb783495::advanced::r1,C4_PE_Qwen::8e7f2ec3fb783495::advanced::r1
C4_PE_Qwen,786a70bb2d54eaae,struggling,Medium,False,False,True,0.6174999999999999,0.6,0.5,1.0,0.5,0.725,0.0,1e0ad5f886e0449a14140a65f0bcd27c,False,False,1,1,dialogue_cell,786a70bb2d54eaae::struggling,1,True,"first scored row per (problem_id, profile); exact/resume duplicates dropped",0.6174999999999999,C4_PE_Qwen::786a70bb2d54eaae::struggling::r1,C4_PE_Qwen::786a70bb2d54eaae::struggling::r1
C4_PE_Qwen,f6bcf679f3018443,struggling,Medium,False,False,True,0.6475,0.75,0.5,1.0,0.5,0.725,0.0,46db0a370a22c95476c7736bcd5aa41a,False,False,1,1,dialogue_cell,f6bcf679f3018443::struggling,1,True,"first scored row per (problem_id, profile); exact/resume duplicates dropped",0.6475,C4_PE_Qwen::f6bcf679f3018443::struggling::r1,C4_PE_Qwen::f6bcf679f3018443::struggling::r1
C4_PE_Qwen,e8c1a0f1c5af91d6,progressing,Medium,False,False,True,0.6475,0.75,0.5,1.0,0.5,0.725,0.0,2e8fa5965e8b8721fad76c34fe77dafe,False,False,4,4,dialogue_cell,e8c1a0f1c5af91d6::progressing,1,True,"first scored row per (problem_id, profile); exact/resume duplicates dropped",0.6475,C4_PE_Qwen::e8c1a0f1c5af91d6::progressing::r1,C4_PE_Qwen::e8c1a0f1c5af91d6::progressing::r1
C4_PE_Qwen,e620cb6132a98963,advanced,Medium,False,False,True,0.6675,0.75,0.6,1.0,0.5,0.725,0.0,ca70cde7e52f60d10013888137b57ca0,False,False,1,1,dialogue_cell,e620cb6132a98963::advanced,1,True,"first scored row per (problem_id, profile); exact/resume duplicates dropped",0.6675,C4_PE_Qwen::e620cb6132a98963::advanced::r1,C4_PE_Qwen::e620cb6132a98963::advanced::r1
C4_PE_Qwen,0f566f93cd97b42d,progressing,Medium,False,False,True,0.7474999999999999,0.75,0.5,1.0,0.5,0.725,1.0,57c0aba51342b0f49078d6a03ea17563,False,False,1,1,dialogue_cell,0f566f93cd97b42d::progressing,1,True,"first scored row per (problem_id, profile); exact/resume duplicates dropped",0.7475,C4_PE_Qwen::0f566f93cd97b42d::progressing::r1,C4_PE_Qwen::0f566f93cd97b42d::progressing::r1
C4_PE_Qwen,ff88119b1c60af9f,progressing,Medium,False,False,True,0.6475,0.75,0.5,1.0,0.5,0.725,0.0,f629dc2a7d4c66c40b1302dcd81a7f21,False,False,1,1,dialogue_cell,ff88119b1c60af9f::progressing,1,True,"first scored row per (problem_id, profile); exact/resume duplicates dropped",0.6475,C4_PE_Qwen::ff88119b1c60af9f::progressing::r1,C4_PE_Qwen::ff88119b1c60af9f::progressing::r1
C4_PE_Qwen,10eb3e3403369f81,progressing,Medium,False,False,True,0.6725,0.75,0.5,1.0,0.0,0.725,1.0,9c8d12d32d645ffdf11110e2d8800cab,False,False,1,1,dialogue_cell,10eb3e3403369f81::progressing,1,True,"first scored row per (problem_id, profile); exact/resume duplicates dropped",0.6725,C4_PE_Qwen::10eb3e3403369f81::progressing::r1,C4_PE_Qwen::10eb3e3403369f81::progressing::r1
C4_PE_Qwen,c275e3cce4ee8fcb,progressing,Medium,False,False,True,0.7474999999999999,0.75,0.5,1.0,0.5,0.725,1.0,c8efe374d7d5ecb981fa2dce12ff1fd6,False,False,4,4,dialogue_cell,c275e3cce4ee8fcb::progressing,1,True,"first scored row per (problem_id, profile); exact/resume duplicates dropped",0.7475,C4_PE_Qwen::c275e3cce4ee8fcb::progressing::r1,C4_PE_Qwen::c275e3cce4ee8fcb::progressing::r1
C4_PE_Qwen,798a745298c85d2f,progressing,Medium,False,False,True,0.5725,0.75,0.5,1.0,0.0,0.725,0.0,7306d5b4fb65c747b72427bdb0244ba5,False,False,2,2,dialogue_cell,798a745298c85d2f::progressing,1,True,"first scored row per (problem_id, profile); exact/resume duplicates dropped",0.5725,C4_PE_Qwen::798a745298c85d2f::progressing::r1,C4_PE_Qwen::798a745298c85d2f::progressing::r1
C4_PE_Qwen,b8ef5dec533b9ddb,progressing,Medium,False,False,True,0.5725,0.75,0.5,1.0,0.0,0.725,0.0,b30b82150a1c87862b13fac8aadd59d6,False,False,4,4,dialogue_cell,b8ef5dec533b9ddb::progressing,1,True,"first scored row per (problem_id, profile); exact/resume duplicates dropped",0.5725,C4_PE_Qwen::b8ef5dec533b9ddb::progressing::r1,C4_PE_Qwen::b8ef5dec533b9ddb::progressing::r1
C4_PE_Qwen,844d7a1768c19756,struggling,Medium,False,False,True,0.6174999999999999,0.6,0.5,1.0,0.5,0.725,0.0,a100362465fe4dddc6882eb9ec19022d,False,False,3,3,dialogue_cell,844d7a1768c19756::struggling,1,True,"first scored row per (problem_id, profile); exact/resume duplicates dropped",0.6174999999999999,C4_PE_Qwen::844d7a1768c19756::struggling::r1,C4_PE_Qwen::844d7a1768c19756::struggling::r1
C4_PE_Qwen,4b7297b47da8c4f1,progressing,Medium,False,False,True,0.6475,0.75,0.5,1.0,0.5,0.725,0.0,6c3692c3941d4ac84e8afb1be226443a,False,False,3,3,dialogue_cell,4b7297b47da8c4f1::progressing,1,True,"first scored row per (problem_id, profile); exact/resume duplicates dropped",0.6475,C4_PE_Qwen::4b7297b47da8c4f1::progressing::r1,C4_PE_Qwen::4b7297b47da8c4f1::progressing::r1
C4_PE_Qwen,b5dd77cc4ccd0cca,advanced,Medium,False,False,True,0.6975,0.75,0.5,1.0,0.5,0.725,0.5,bc059d7df9bd8c968e50431232bb0dad,False,False,2,2,dialogue_cell,b5dd77cc4ccd0cca::advanced,1,True,"first scored row per (problem_id, profile); exact/resume duplicates dropped",0.6975,C4_PE_Qwen::b5dd77cc4ccd0cca::advanced::r1,C4_PE_Qwen::b5dd77cc4ccd0cca::advanced::r1
C4_PE_Qwen,2b2d708cc4d104fb,struggling,Medium,False,False,True,0.5725,0.75,0.5,1.0,0.0,0.725,0.0,7c9c8932fb1aaf5c81797d7ebf8366ea,False,False,3,3,dialogue_cell,2b2d708cc4d104fb::struggling,1,True,"first scored row per (problem_id, profile); exact/resume duplicates dropped",0.5725,C4_PE_Qwen::2b2d708cc4d104fb::struggling::r1,C4_PE_Qwen::2b2d708cc4d104fb::struggling::r1
C4_PE_Qwen,16e73d98795fa5a5,struggling,Medium,False,False,True,0.6475,0.75,0.5,1.0,0.5,0.725,0.0,028f1d19631f12eb98140aee20e5ce24,False,False,2,2,dialogue_cell,16e73d98795fa5a5::struggling,1,True,"first scored row per (problem_id, profile); exact/resume duplicates dropped",0.6475,C4_PE_Qwen::16e73d98795fa5a5::struggling::r1,C4_PE_Qwen::16e73d98795fa5a5::struggling::r1
C4_PE_Qwen,b138e6f30af2eba3,progressing,Medium,False,False,True,0.7474999999999999,0.75,0.5,1.0,0.5,0.725,1.0,edd3209aee1b66767beccd1750886963,False,False,2,2,dialogue_cell,b138e6f30af2eba3::progressing,1,True,"first scored row per (problem_id, profile); exact/resume duplicates dropped",0.7475,C4_PE_Qwen::b138e6f30af2eba3::progressing::r1,C4_PE_Qwen::b138e6f30af2eba3::progressing::r1
C4_PE_Qwen,519cbd562303ff33,struggling,Medium,False,False,True,0.6475,0.75,0.5,1.0,0.5,0.725,0.0,7af632d26855bea8963c696f3fad60c3,False,False,2,2,dialogue_cell,519cbd562303ff33::struggling,1,True,"first scored row per (problem_id, profile); exact/resume duplicates dropped",0.6475,C4_PE_Qwen::519cbd562303ff33::struggling::r1,C4_PE_Qwen::519cbd562303ff33::struggling::r1
C4_PE_Qwen,b6ce335d875f871b,advanced,Medium,False,False,True,0.6475,0.75,0.5,1.0,0.5,0.725,0.0,2169dd0eaf096cc2c0ced36562c4f898,False,False,3,3,dialogue_cell,b6ce335d875f871b::advanced,1,True,"first scored row per (problem_id, profile); exact/resume duplicates dropped",0.6475,C4_PE_Qwen::b6ce335d875f871b::advanced::r1,C4_PE_Qwen::b6ce335d875f871b::advanced::r1
C4_PE_Qwen,a1f3645b566caee6,progressing,Medium,False,False,True,0.6475,0.75,0.5,1.0,0.5,0.725,0.0,4d5bef04d21069f3b7c9f9b823b1e8d9,False,False,1,1,dialogue_cell,a1f3645b566caee6::progressing,1,True,"first scored row per (problem_id, profile); exact/resume duplicates dropped",0.6475,C4_PE_Qwen::a1f3645b566caee6::progressing::r1,C4_PE_Qwen::a1f3645b566caee6::progressing::r1
C4_PE_Qwen,5553251d23b75354,struggling,Medium,False,False,True,0.7474999999999999,0.75,0.5,1.0,0.5,0.725,1.0,9b6411b3647d6d4816d8cc5de7a0a2d0,False,False,2,2,dialogue_cell,5553251d23b75354::struggling,1,True,"first scored row per (problem_id, profile); exact/resume duplicates dropped",0.7475,C4_PE_Qwen::5553251d23b75354::struggling::r1,C4_PE_Qwen::5553251d23b75354::struggling::r1
C4_PE_Qwen,67ab79f900374ccf,advanced,Medium,False,False,True,0.6475,0.75,0.5,1.0,0.5,0.725,0.0,0cb00db660c3697f20fa784f3c15607d,False,False,1,1,dialogue_cell,67ab79f900374ccf::advanced,1,True,"first scored row per (problem_id, profile); exact/resume duplicates dropped",0.6475,C4_PE_Qwen::67ab79f900374ccf::advanced::r1,C4_PE_Qwen::67ab79f900374ccf::advanced::r1
C4_PE_Qwen,317f53c00121a020,struggling,Medium,False,False,True,0.6475,0.75,0.5,1.0,0.5,0.725,0.0,cf5dcb029408233753d9a232c94a65f4,False,False,2,2,dialogue_cell,317f53c00121a020::struggling,1,True,"first scored row per (problem_id, profile); exact/resume duplicates dropped",0.6475,C4_PE_Qwen::317f53c00121a020::struggling::r1,C4_PE_Qwen::317f53c00121a020::struggling::r1
C4_PE_Qwen,0f494281748adc02,progressing,Medium,False,False,True,0.6475,0.75,0.5,1.0,0.5,0.725,0.0,1547ef068afeec39c873a8a0f60e830e,False,False,2,2,dialogue_cell,0f494281748adc02::progressing,1,True,"first scored row per (problem_id, profile); exact/resume duplicates dropped",0.6475,C4_PE_Qwen::0f494281748adc02::progressing::r1,C4_PE_Qwen::0f494281748adc02::progressing::r1
C4_PE_Qwen,864f519a36d4b3b7,progressing,Medium,False,False,True,0.6725,0.75,0.5,1.0,0.0,0.725,1.0,287aaa2e70a877f74fa4a52040915de2,False,False,1,1,dialogue_cell,864f519a36d4b3b7::progressing,1,True,"first scored row per (problem_id, profile); exact/resume duplicates dropped",0.6725,C4_PE_Qwen::864f519a36d4b3b7::progressing::r1,C4_PE_Qwen::864f519a36d4b3b7::progressing::r1
C4_PE_Qwen,f96abc956849b96f,advanced,Medium,False,False,True,0.6675,0.75,0.6,1.0,0.5,0.725,0.0,4add6cc199c6d56336e52d719c0aa69c,False,False,2,2,dialogue_cell,f96abc956849b96f::advanced,1,True,"first scored row per (problem_id, profile); exact/resume duplicates dropped",0.6675,C4_PE_Qwen::f96abc956849b96f::advanced::r1,C4_PE_Qwen::f96abc956849b96f::advanced::r1
C4_PE_Qwen,8c56dabc14884267,advanced,Medium,False,False,True,0.6475,0.75,0.5,1.0,0.5,0.725,0.0,57b664e767f1985f08da1729d66bbc6a,False,False,1,1,dialogue_cell,8c56dabc14884267::advanced,1,True,"first scored row per (problem_id, profile); exact/resume duplicates dropped",0.6475,C4_PE_Qwen::8c56dabc14884267::advanced::r1,C4_PE_Qwen::8c56dabc14884267::advanced::r1
C4_PE_Qwen,dc1b264fc4aefafb,progressing,Medium,False,False,True,0.6975,0.75,0.5,1.0,0.5,0.725,0.5,0f46f70f03627c9f0016575f7f1ff85e,False,False,2,2,dialogue_cell,dc1b264fc4aefafb::progressing,1,True,"first scored row per (problem_id, profile); exact/resume duplicates dropped",0.6975,C4_PE_Qwen::dc1b264fc4aefafb::progressing::r1,C4_PE_Qwen::dc1b264fc4aefafb::progressing::r1
C4_PE_Qwen,b41cc7b74e66b597,progressing,Medium,False,False,True,0.6425,0.6,0.5,1.0,0.0,0.725,1.0,583f908babe9777c050e045dec7ff8ac,False,False,2,2,dialogue_cell,b41cc7b74e66b597::progressing,1,True,"first scored row per (problem_id, profile); exact/resume duplicates dropped",0.6425,C4_PE_Qwen::b41cc7b74e66b597::progressing::r1,C4_PE_Qwen::b41cc7b74e66b597::progressing::r1
C4_PE_Qwen,bfa26e430b44d5e6,progressing,Medium,False,False,True,0.6475,0.75,0.5,1.0,0.5,0.725,0.0,1c2234020146ab95f68535bed04a422a,False,False,2,2,dialogue_cell,bfa26e430b44d5e6::progressing,1,True,"first scored row per (problem_id, profile); exact/resume duplicates dropped",0.6475,C4_PE_Qwen::bfa26e430b44d5e6::progressing::r1,C4_PE_Qwen::bfa26e430b44d5e6::progressing::r1
C4_PE_Qwen,21f5516f730392ff,struggling,Medium,False,False,True,0.6725,0.75,0.5,1.0,0.0,0.725,1.0,078bca26394741abef5dafd83a35a32f,False,False,1,1,dialogue_cell,21f5516f730392ff::struggling,1,True,"first scored row per (problem_id, profile); exact/resume duplicates dropped",0.6725,C4_PE_Qwen::21f5516f730392ff::struggling::r1,C4_PE_Qwen::21f5516f730392ff::struggling::r1
C4_PE_Qwen,786a70bb2d54eaae,progressing,Medium,False,False,True,0.6475,0.75,0.5,1.0,0.5,0.725,0.0,4b7cd5b098c8647bd634749afd03b00a,False,False,2,2,dialogue_cell,786a70bb2d54eaae::progressing,1,True,"first scored row per (problem_id, profile); exact/resume duplicates dropped",0.6475,C4_PE_Qwen::786a70bb2d54eaae::progressing::r1,C4_PE_Qwen::786a70bb2d54eaae::progressing::r1
C4_PE_Qwen,2fd653295b74e324,struggling,Medium,False,False,True,0.6875,0.45,0.5,1.0,0.5,0.725,1.0,f402b243931a69edd8d51a77dbdab68d,False,False,1,1,dialogue_cell,2fd653295b74e324::struggling,1,True,"first scored row per (problem_id, profile); exact/resume duplicates dropped",0.6875,C4_PE_Qwen::2fd653295b74e324::struggling::r1,C4_PE_Qwen::2fd653295b74e324::struggling::r1
C4_PE_Qwen,93b264ffe7b26531,advanced,Medium,False,False,True,0.6475,0.75,0.5,1.0,0.5,0.725,0.0,3aa4a99c816b18be3ba7e1a96caf161c,False,False,1,1,dialogue_cell,93b264ffe7b26531::advanced,1,True,"first scored row per (problem_id, profile); exact/resume duplicates dropped",0.6475,C4_PE_Qwen::93b264ffe7b26531::advanced::r1,C4_PE_Qwen::93b264ffe7b26531::advanced::r1
C4_PE_Qwen,188e895187f23c9a,advanced,Medium,False,False,True,0.6475,0.75,0.5,1.0,0.5,0.725,0.0,6430c6024ba8b53c2cf5ac5670bca4c5,False,False,1,1,dialogue_cell,188e895187f23c9a::advanced,1,True,"first scored row per (problem_id, profile); exact/resume duplicates dropped",0.6475,C4_PE_Qwen::188e895187f23c9a::advanced::r1,C4_PE_Qwen::188e895187f23c9a::advanced::r1
C4_PE_Qwen,64d97652f760858a,struggling,Medium,False,False,True,0.6475,0.75,0.5,1.0,0.5,0.725,0.0,aa208dd0ac5fa8f652a12ae27b255a55,False,False,1,1,dialogue_cell,64d97652f760858a::struggling,1,True,"first scored row per (problem_id, profile); exact/resume duplicates dropped",0.6475,C4_PE_Qwen::64d97652f760858a::struggling::r1,C4_PE_Qwen::64d97652f760858a::struggling::r1
C4_PE_Qwen,4f85613ff32ec2fb,struggling,Medium,False,False,True,0.5675,0.6,0.5,0.8,0.5,0.725,0.0,20995e9f69a8c308d26da313fa97b204,False,False,1,1,dialogue_cell,4f85613ff32ec2fb::struggling,1,True,"first scored row per (problem_id, profile); exact/resume duplicates dropped",0.5675,C4_PE_Qwen::4f85613ff32ec2fb::struggling::r1,C4_PE_Qwen::4f85613ff32ec2fb::struggling::r1
C4_PE_Qwen,6ce8a71d11347024,progressing,Medium,False,False,True,0.6475,0.75,0.5,1.0,0.5,0.725,0.0,8795eec8c16aac65a2d42e45d6a4493a,False,False,1,1,dialogue_cell,6ce8a71d11347024::progressing,1,True,"first scored row per (problem_id, profile); exact/resume duplicates dropped",0.6475,C4_PE_Qwen::6ce8a71d11347024::progressing::r1,C4_PE_Qwen::6ce8a71d11347024::progressing::r1
C4_PE_Qwen,64dfad66336d7e34,struggling,Medium,False,False,True,0.6475,0.75,0.5,1.0,0.5,0.725,0.0,637e4e1094a4bb849a51e7d5db31e908,False,False,1,1,dialogue_cell,64dfad66336d7e34::struggling,1,True,"first scored row per (problem_id, profile); exact/resume duplicates dropped",0.6475,C4_PE_Qwen::64dfad66336d7e34::struggling::r1,C4_PE_Qwen::64dfad66336d7e34::struggling::r1
C4_PE_Qwen,6678d2453d317c17,struggling,Medium,False,False,True,0.6925,0.75,0.6,1.0,0.0,0.725,1.0,aef22da4617c0c186817366dcc20d4b9,False,False,1,1,dialogue_cell,6678d2453d317c17::struggling,1,True,"first scored row per (problem_id, profile); exact/resume duplicates dropped",0.6925,C4_PE_Qwen::6678d2453d317c17::struggling::r1,C4_PE_Qwen::6678d2453d317c17::struggling::r1
C4_PE_Qwen,cd592c7656042969,progressing,Medium,False,False,True,0.6475,0.75,0.5,1.0,0.5,0.725,0.0,ffb3c2046c2ef6a5a736e018545806dc,False,False,2,2,dialogue_cell,cd592c7656042969::progressing,1,True,"first scored row per (problem_id, profile); exact/resume duplicates dropped",0.6475,C4_PE_Qwen::cd592c7656042969::progressing::r1,C4_PE_Qwen::cd592c7656042969::progressing::r1
C4_PE_Qwen,de5a699aca767e77,progressing,Medium,False,False,True,0.5725,0.5,0.25,0.9,0.5,0.725,0.5,326b09041346bf3cb3ba9567dc60b81b,False,False,1,1,dialogue_cell,de5a699aca767e77::progressing,1,True,"first scored row per (problem_id, profile); exact/resume duplicates dropped",0.5725,C4_PE_Qwen::de5a699aca767e77::progressing::r1,C4_PE_Qwen::de5a699aca767e77::progressing::r1
C4_PE_Qwen,5d38ace0309450b4,progressing,Medium,False,False,True,0.5725,0.5,0.25,0.9,0.5,0.725,0.5,35bd9b18ad2a4bd5fd0bafe1b659e7a5,False,False,1,1,dialogue_cell,5d38ace0309450b4::progressing,1,True,"first scored row per (problem_id, profile); exact/resume duplicates dropped",0.5725,C4_PE_Qwen::5d38ace0309450b4::progressing::r1,C4_PE_Qwen::5d38ace0309450b4::progressing::r1
C4_PE_Qwen,b88f14247d3f53b9,progressing,Medium,False,False,True,0.5725,0.5,0.25,0.9,0.5,0.725,0.5,e46c68a3405dab6db6051ebda98a1e4c,False,False,1,1,dialogue_cell,b88f14247d3f53b9::progressing,1,True,"first scored row per (problem_id, profile); exact/resume duplicates dropped",0.5725,C4_PE_Qwen::b88f14247d3f53b9::progressing::r1,C4_PE_Qwen::b88f14247d3f53b9::progressing::r1
